Age,Attrition,BusinessTravel,DailyRate,Department,DistanceFromHome,Education,EducationField,EmployeeCount,EmployeeNumber,EnvironmentSatisfaction,Gender,HourlyRate,JobInvolvement,JobLevel,JobRole,JobSatisfaction,MaritalStatus,MonthlyIncome,MonthlyRate,NumCompaniesWorked,Over18,OverTime,PercentSalaryHike,PerformanceRating,RelationshipSatisfaction,StandardHours,StockOptionLevel,TotalWorkingYears,TrainingTimesLastYear,WorkLifeBalance,YearsAtCompany,YearsInCurrentRole,YearsSinceLastPromotion,YearsWithCurrManager
35,No,Travel_Frequently,798,Research & Development,10,4,Medical,1,1,2,Male,65,3,2,Laboratory Technician,3,Married,8179,7188,3,Y,No,23,4,4,80,2,11,0,1,0,0,0,0
40,Yes,Travel_Frequently,1403,Sales,11,3,Marketing,1,2,2,Female,76,2,4,Manager,2,Single,12221,7423,5,Y,No,16,3,1,80,0,21,5,2,5,3,5,0
34,No,Travel_Rarely,746,Research & Development,11,2,Other,1,3,1,Female,57,4,3,Research Director,2,Single,10914,23571,7,Y,No,17,4,2,80,0,12,1,2,12,11,3,3
36,No,Travel_Rarely,1495,Research & Development,20,3,Other,1,4,3,Male,44,3,4,Manufacturing Director,3,Married,13292,24432,8,Y,No,23,4,3,80,1,16,6,2,4,3,0,3
34,No,Non-Travel,731,Research & Development,18,2,Life Sciences,1,5,4,Male,60,3,2,Healthcare Representative,3,Married,7939,3992,3,Y,No,25,3,3,80,3,15,0,2,14,7,1,5
35,No,Travel_Frequently,794,Human Resources,1,3,Human Resources,1,6,4,Male,32,2,3,Human Resources,3,Married,10091,21371,8,Y,No,14,3,3,80,2,13,0,3,5,0,2,5
48,No,Travel_Rarely,1425,Research & Development,2,3,Marketing,1,7,3,Male,42,1,4,Research Scientist,2,Single,13384,4080,6,Y,No,22,4,3,80,0,28,6,3,8,6,6,3
41,No,Travel_Rarely,439,Research & Development,2,2,Medical,1,8,4,Male,78,3,4,Healthcare Representative,2,Single,14690,2164,6,Y,Yes,15,4,3,80,0,16,2,3,11,5,5,8
18,No,Travel_Rarely,583,Human Resources,6,2,Human Resources,1,9,1,Male,81,3,1,Human Resources,4,Married,4025,6022,9,Y,No,14,3,1,80,3,0,4,2,0,0,0,0
48,No,Travel_Rarely,858,Research & Development,11,2,Marketing,1,10,1,Female,66,3,3,Manufacturing Director,2,Divorced,11961,7263,7,Y,No,24,4,2,80,1,28,4,4,7,5,1,2
53,Yes,Travel_Rarely,969,Research & Development,9,4,Human Resources,1,11,3,Male,65,3,4,Manager,2,Single,12490,3538,0,Y,No,16,3,3,80,0,31,5,4,0,0,0,0
42,No,Travel_Rarely,934,Research & Development,1,4,Technical Degree,1,12,4,Male,49,3,3,Manager,2,Divorced,11674,9851,2,Y,No,23,3,2,80,1,24,3,2,12,7,2,7
51,No,Travel_Frequently,821,Research & Development,14,2,Other,1,13,2,Male,95,2,4,Healthcare Representative,3,Divorced,15831,15190,8,Y,No,16,3,2,80,1,27,0,2,14,8,5,8
41,No,Travel_Rarely,245,Research & Development,5,4,Life Sciences,1,14,4,Female,72,3,3,Manufacturing Director,3,Single,11312,22513,5,Y,No,21,3,4,80,0,17,5,3,6,2,2,1
45,No,Travel_Rarely,449,Sales,7,2,Technical Degree,1,15,2,Female,40,3,3,Sales Representative,3,Married,10613,11393,8,Y,No,21,4,3,80,3,25,0,3,6,2,1,3
43,No,Travel_Rarely,1162,Sales,1,5,Medical,1,16,4,Male,89,2,4,Sales Executive,4,Married,14220,3739,8,Y,Yes,14,3,4,80,1,18,3,3,3,0,2,2
43,No,Travel_Rarely,1208,Research & Development,12,3,Human Resources,1,17,3,Female,40,2,3,Research Director,2,Married,11798,6628,2,Y,No,14,4,3,80,3,18,5,3,15,10,4,6
40,No,Travel_Rarely,1096,Research & Development,1,4,Human Resources,1,18,3,Female,33,3,3,Manufacturing Director,4,Divorced,11519,14836,5,Y,No,21,4,4,80,2,22,5,4,13,8,4,6
42,No,Travel_Rarely,208,Research & Development,4,3,Human Resources,1,19,2,Male,74,3,3,Research Director,4,Married,10801,9441,1,Y,Yes,23,3,3,80,2,23,6,3,7,6,0,3
43,Yes,Travel_Rarely,508,Sales,5,2,Medical,1,20,1,Male,39,4,4,Manager,1,Divorced,14611,21495,3,Y,Yes,12,4,2,80,2,18,6,3,8,5,4,5
30,No,Travel_Rarely,1054,Sales,5,3,Life Sciences,1,21,1,Female,85,4,3,Manager,3,Married,12593,26048,9,Y,No,15,4,3,80,2,12,6,3,12,3,5,10
37,No,Travel_Frequently,594,Research & Development,7,3,Medical,1,22,3,Female,90,3,3,Healthcare Representative,3,Married,10438,23258,7,Y,Yes,18,3,2,80,2,19,0,2,4,4,1,0
34,Yes,Travel_Rarely,681,Research & Development,7,3,Human Resources,1,23,1,Female,42,4,2,Manager,2,Married,8465,8454,4,Y,Yes,14,4,3,80,3,11,1,3,8,6,0,4
32,Yes,Travel_Rarely,1254,Research & Development,10,2,Life Sciences,1,24,1,Female,68,3,2,Research Scientist,1,Divorced,8824,4885,3,Y,Yes,12,4,3,80,2,13,4,3,13,10,2,5
26,No,Non-Travel,1064,Sales,3,3,Technical Degree,1,25,1,Female,67,3,2,Sales Representative,2,Single,7489,3163,3,Y,No,15,4,3,80,0,4,5,2,4,0,0,3
39,No,Travel_Rarely,1207,Research & Development,14,2,Other,1,26,4,Male,93,3,3,Manufacturing Director,3,Married,10467,16438,1,Y,No,20,3,3,80,3,18,3,3,7,3,7,4
35,No,Travel_Frequently,945,Research & Development,7,4,Other,1,27,4,Female,93,2,3,Laboratory Technician,3,Married,10997,11538,6,Y,No,24,3,3,80,2,17,3,3,10,3,0,3
42,Yes,Travel_Frequently,592,Research & Development,1,4,Human Resources,1,28,1,Female,50,1,4,Healthcare Representative,2,Single,12045,12276,8,Y,Yes,11,4,4,80,0,18,0,3,0,0,0,0
39,No,Travel_Frequently,107,Research & Development,6,4,Other,1,29,4,Female,66,4,2,Research Scientist,2,Married,9551,25885,4,Y,No,24,4,4,80,1,15,6,3,12,10,11,6
43,No,Travel_Rarely,781,Research & Development,24,4,Human Resources,1,30,4,Male,42,2,4,Research Director,3,Married,13178,16521,1,Y,No,19,4,1,80,3,19,0,4,1,1,1,1
35,No,Travel_Rarely,990,Sales,29,3,Life Sciences,1,31,1,Female,42,4,3,Sales Executive,1,Married,10855,22860,1,Y,No,18,3,3,80,3,16,5,4,13,5,5,8
36,No,Travel_Rarely,1489,Research & Development,5,2,Marketing,1,32,3,Female,99,3,3,Research Scientist,2,Single,9213,7270,1,Y,No,18,4,2,80,0,16,4,1,1,1,0,1
29,No,Travel_Rarely,688,Sales,4,3,Marketing,1,33,3,Male,59,3,2,Sales Representative,3,Single,7669,21986,5,Y,No,14,3,4,80,0,5,4,1,5,5,2,4
36,Yes,Travel_Rarely,1088,Sales,21,3,Medical,1,34,4,Female,67,2,2,Manager,4,Single,8389,26557,5,Y,No,23,3,2,80,0,11,3,3,0,0,0,0
41,No,Travel_Frequently,1351,Human Resources,29,5,Other,1,35,4,Female,58,3,4,Human Resources,1,Married,13699,23316,1,Y,No,21,4,2,80,3,22,5,1,10,5,0,3
33,Yes,Non-Travel,860,Research & Development,1,2,Marketing,1,36,3,Male,57,4,2,Research Scientist,1,Single,5649,16622,7,Y,No,14,4,3,80,0,9,0,3,4,4,3,1
45,No,Travel_Rarely,774,Sales,2,5,Marketing,1,37,3,Female,48,2,4,Manager,1,Single,13444,21623,0,Y,Yes,15,3,4,80,0,26,1,2,7,3,3,3
21,No,Travel_Rarely,1451,Research & Development,14,2,Medical,1,38,3,Female,96,1,1,Research Scientist,1,Married,3443,11977,7,Y,No,21,3,3,80,2,3,0,4,1,0,0,0
54,No,Travel_Frequently,1231,Research & Development,5,4,Technical Degree,1,39,3,Female,57,3,3,Research Scientist,3,Married,9151,16186,7,Y,No,25,3,4,80,2,34,3,2,0,0,0,0
31,No,Travel_Rarely,968,Research & Development,9,3,Marketing,1,40,4,Male,36,3,2,Research Scientist,3,Married,7299,11519,9,Y,No,15,4,3,80,3,6,0,3,0,0,0,0
31,No,Travel_Rarely,797,Sales,7,2,Life Sciences,1,41,4,Female,74,3,3,Sales Executive,4,Single,10864,2294,2,Y,No,24,3,2,80,0,10,4,2,10,5,5,9
34,Yes,Travel_Frequently,661,Sales,2,3,Life Sciences,1,42,3,Female,57,3,2,Sales Executive,3,Single,6438,26831,8,Y,Yes,12,4,2,80,0,14,3,3,3,1,3,2
47,No,Travel_Rarely,249,Research & Development,2,5,Other,1,43,1,Male,80,3,3,Research Director,2,Married,8668,26409,0,Y,Yes,17,3,3,80,2,29,3,3,1,1,1,0
52,No,Travel_Rarely,446,Research & Development,4,2,Technical Degree,1,44,3,Male,39,3,3,Research Director,3,Single,10323,18821,1,Y,No,19,3,1,80,0,29,6,3,1,0,1,0
28,No,Travel_Rarely,1062,Sales,2,2,Medical,1,45,3,Male,86,3,3,Sales Executive,4,Divorced,10069,22783,4,Y,No,23,4,2,80,3,9,4,4,1,1,1,0
47,No,Travel_Rarely,274,Research & Development,16,1,Life Sciences,1,46,3,Male,94,3,4,Healthcare Representative,3,Married,11536,23266,2,Y,No,11,3,4,80,2,23,5,3,4,3,2,3
27,No,Travel_Rarely,737,Research & Development,2,3,Marketing,1,47,4,Female,80,3,3,Laboratory Technician,3,Married,11123,6319,9,Y,No,22,3,1,80,3,9,2,2,9,6,3,5
24,No,Travel_Rarely,1180,Research & Development,26,5,Other,1,48,2,Male,34,2,1,Laboratory Technician,1,Married,6132,23784,5,Y,No,25,3,1,80,1,0,4,3,0,0,0,0
33,Yes,Travel_Frequently,1182,Sales,1,3,Medical,1,49,2,Male,83,2,2,Manager,4,Divorced,7248,7404,3,Y,No,23,3,4,80,1,8,6,3,6,4,4,3
36,Yes,Travel_Frequently,561,Sales,6,2,Life Sciences,1,50,4,Male,33,3,5,Manager,3,Married,16425,12536,1,Y,Yes,24,4,2,80,2,16,6,3,2,2,2,2
38,Yes,Travel_Frequently,1125,Sales,12,3,Other,1,51,2,Male,98,3,4,Sales Representative,1,Married,14232,2632,8,Y,No,20,3,3,80,1,19,5,3,0,0,0,0
42,Yes,Travel_Rarely,1447,Research & Development,9,1,Human Resources,1,52,3,Female,43,2,3,Laboratory Technician,2,Single,11492,21161,5,Y,No,13,3,4,80,0,23,2,3,21,14,2,12
20,No,Non-Travel,493,Research & Development,5,2,Technical Degree,1,53,4,Male,66,2,1,Manager,3,Divorced,4543,13791,0,Y,No,24,4,4,80,2,1,2,3,1,0,1,1
43,No,Travel_Frequently,974,Sales,4,5,Technical Degree,1,54,3,Female,51,2,4,Manager,2,Divorced,13390,24696,7,Y,No,16,4,1,80,1,18,0,3,3,3,3,1
33,No,Travel_Rarely,1492,Research & Development,14,1,Marketing,1,55,1,Female,87,3,3,Healthcare Representative,4,Married,10669,14249,5,Y,No,18,3,2,80,1,10,4,3,5,0,4,3
42,No,Non-Travel,756,Research & Development,1,2,Medical,1,56,1,Female,74,4,3,Manufacturing Director,1,Married,11028,25344,1,Y,No,19,4,1,80,1,23,2,3,2,2,0,0
45,Yes,Travel_Frequently,940,Sales,6,2,Medical,1,57,4,Male,39,3,4,Manager,1,Single,13619,6200,5,Y,No,21,3,2,80,0,25,3,3,1,0,1,0
26,No,Travel_Rarely,1194,Research & Development,13,2,Other,1,58,4,Male,41,2,1,Research Director,2,Married,6490,18562,2,Y,No,20,3,3,80,2,7,1,3,5,3,1,5
29,No,Travel_Frequently,953,Research & Development,1,1,Life Sciences,1,59,2,Female,91,3,3,Research Director,4,Divorced,10140,17312,3,Y,No,16,3,3,80,2,8,2,3,8,2,1,2
42,No,Non-Travel,428,Human Resources,1,3,Marketing,1,60,2,Male,93,3,3,Human Resources,4,Divorced,10157,18960,7,Y,No,18,4,1,80,2,19,3,3,1,0,0,0
58,No,Travel_Rarely,1228,Research & Development,1,2,Medical,1,61,1,Female,65,3,4,Laboratory Technician,3,Married,13996,22516,9,Y,No,12,3,2,80,2,36,0,2,5,3,5,0
24,No,Travel_Rarely,1145,Research & Development,6,3,Medical,1,62,2,Male,98,3,2,Manufacturing Director,3,Married,7365,18145,9,Y,No,15,4,3,80,3,6,6,3,1,1,1,0
45,Yes,Travel_Rarely,327,Research & Development,20,4,Human Resources,1,63,3,Male,54,3,3,Healthcare Representative,3,Married,9956,2714,7,Y,Yes,16,4,4,80,3,20,1,2,2,1,2,2
31,No,Travel_Frequently,495,Research & Development,11,1,Technical Degree,1,64,2,Male,61,3,4,Research Director,4,Married,13405,11236,8,Y,No,15,3,4,80,3,10,2,3,5,3,5,0
38,No,Travel_Rarely,540,Sales,7,4,Marketing,1,65,1,Female,55,3,5,Sales Representative,4,Divorced,17036,19742,4,Y,No,25,4,1,80,2,16,1,4,0,0,0,0
48,No,Non-Travel,686,Research & Development,2,2,Other,1,66,3,Male,37,3,5,Research Scientist,4,Single,15344,5025,9,Y,No,14,3,3,80,0,24,1,3,2,2,1,0
21,No,Travel_Frequently,779,Sales,1,4,Technical Degree,1,67,3,Female,50,2,1,Sales Executive,4,Divorced,5725,26051,7,Y,No,21,4,1,80,3,3,5,3,0,0,0,0
42,No,Travel_Frequently,125,Sales,1,4,Other,1,68,2,Female,63,2,3,Manager,2,Single,10053,23513,5,Y,No,22,3,4,80,0,18,0,4,5,5,0,2
31,No,Non-Travel,1322,Research & Development,19,4,Human Resources,1,69,3,Male,40,2,2,Manager,3,Married,7218,19313,7,Y,No,19,4,3,80,3,9,0,3,3,0,0,3
40,Yes,Travel_Rarely,623,Sales,1,3,Medical,1,70,3,Female,30,2,4,Manager,3,Single,13660,26532,3,Y,Yes,20,3,3,80,0,21,0,3,7,3,3,0
24,No,Non-Travel,467,Research & Development,5,2,Life Sciences,1,71,2,Male,98,3,2,Research Scientist,3,Divorced,6917,14973,8,Y,No,13,3,3,80,2,4,6,3,4,3,4,0
38,No,Travel_Rarely,603,Research & Development,6,4,Other,1,72,2,Male,35,3,2,Manager,1,Married,6847,15275,7,Y,No,14,3,3,80,1,13,6,3,2,1,0,2
38,No,Travel_Frequently,1476,Research & Development,11,3,Medical,1,73,4,Female,78,4,3,Manufacturing Director,3,Divorced,9662,19279,5,Y,Yes,22,4,3,80,3,17,3,3,2,0,0,0
42,No,Travel_Frequently,1336,Sales,3,4,Medical,1,74,4,Female,35,2,3,Sales Representative,1,Married,10348,4478,3,Y,Yes,23,3,4,80,2,24,3,2,5,4,5,1
41,No,Non-Travel,1063,Research & Development,29,2,Medical,1,75,2,Female,70,2,3,Research Scientist,2,Married,11217,8750,5,Y,No,16,4,3,80,3,20,0,3,8,8,3,3
30,No,Non-Travel,448,Research & Development,7,3,Human Resources,1,76,4,Male,47,2,3,Manufacturing Director,4,Single,9325,25697,8,Y,No,18,3,3,80,0,9,4,3,2,0,1,2
59,No,Travel_Rarely,1199,Research & Development,1,2,Other,1,77,3,Male,66,1,4,Research Scientist,1,Married,13632,2655,8,Y,No,24,4,3,80,2,40,6,3,8,4,0,2
42,No,Travel_Rarely,874,Sales,8,2,Medical,1,78,4,Female,100,1,3,Manager,1,Single,10995,17691,0,Y,No,21,3,4,80,0,20,5,3,11,6,0,8
41,No,Non-Travel,917,Research & Development,29,4,Human Resources,1,79,3,Male,39,4,3,Manufacturing Director,1,Divorced,9429,11900,2,Y,Yes,20,3,4,80,3,20,4,3,1,1,1,1
41,No,Travel_Frequently,986,Sales,1,5,Technical Degree,1,80,1,Male,53,3,4,Sales Representative,2,Married,12080,24366,9,Y,No,21,4,4,80,2,18,0,3,0,0,0,0
37,Yes,Travel_Rarely,292,Research & Development,4,4,Life Sciences,1,81,1,Male,71,1,2,Research Scientist,3,Single,7362,14717,0,Y,Yes,15,4,3,80,0,13,3,3,2,0,0,2
39,Yes,Travel_Rarely,912,Research & Development,10,2,Human Resources,1,82,4,Female,72,2,3,Laboratory Technician,3,Married,10697,22416,6,Y,No,23,4,3,80,1,17,3,3,2,0,0,1
28,No,Travel_Rarely,1219,Sales,8,4,Medical,1,83,2,Female,53,3,2,Manager,4,Divorced,8402,24432,8,Y,No,11,4,2,80,2,5,5,2,1,1,1,0
40,No,Travel_Rarely,276,Sales,1,3,Technical Degree,1,84,3,Female,43,3,4,Sales Executive,1,Married,14756,10228,5,Y,No,13,3,4,80,3,20,4,3,8,8,4,8
50,No,Travel_Rarely,1034,Research & Development,1,2,Technical Degree,1,85,3,Male,56,2,3,Manufacturing Director,4,Married,9152,19169,7,Y,No,16,4,1,80,2,25,0,4,3,1,1,0
23,Yes,Travel_Frequently,1359,Research & Development,1,4,Life Sciences,1,86,2,Male,55,3,1,Manufacturing Director,3,Married,4558,16825,9,Y,No,17,4,1,80,2,3,0,3,3,2,3,0
35,No,Travel_Rarely,1360,Sales,18,2,Human Resources,1,87,1,Female,40,3,3,Sales Executive,2,Married,9635,24117,2,Y,No,16,3,3,80,3,14,1,2,4,1,0,3
34,Yes,Travel_Rarely,888,Sales,1,3,Technical Degree,1,88,2,Male,94,1,2,Manager,3,Single,5224,23493,7,Y,No,17,4,1,80,0,9,3,3,7,5,3,0
34,Yes,Travel_Frequently,1220,Research & Development,2,1,Life Sciences,1,89,4,Male,57,1,2,Research Director,4,Single,5858,16025,1,Y,Yes,22,3,2,80,0,12,2,3,1,0,1,0
38,No,Travel_Frequently,649,Research & Development,1,4,Technical Degree,1,90,2,Male,95,3,3,Research Scientist,2,Divorced,11942,24353,1,Y,No,13,4,3,80,3,15,0,3,13,7,2,4
55,No,Travel_Rarely,107,Research & Development,3,2,Medical,1,91,3,Female,41,4,3,Laboratory Technician,2,Married,9461,26045,7,Y,No,21,4,4,80,2,30,6,3,1,0,1,0
47,No,Travel_Rarely,372,Research & Development,3,2,Medical,1,92,4,Male,68,3,4,Healthcare Representative,1,Single,13655,7303,4,Y,No,12,4,3,80,0,22,2,4,10,6,6,5
48,Yes,Travel_Rarely,886,Research & Development,11,4,Technical Degree,1,93,4,Female,41,2,3,Research Scientist,4,Single,10921,26039,1,Y,No,12,4,4,80,0,29,2,3,8,6,0,3
40,No,Non-Travel,388,Sales,1,3,Other,1,94,4,Male,61,3,4,Sales Executive,1,Divorced,12849,11169,1,Y,No,14,4,1,80,1,20,6,3,4,1,3,1
38,No,Travel_Rarely,963,Sales,6,4,Medical,1,95,4,Female,76,3,3,Sales Representative,1,Single,11888,19997,2,Y,No,23,4,2,80,0,20,6,3,10,5,4,5
47,No,Non-Travel,1432,Research & Development,26,3,Life Sciences,1,96,4,Female,38,3,3,Laboratory Technician,4,Single,9492,12257,6,Y,Yes,22,3,1,80,0,23,0,3,3,2,1,0
37,No,Travel_Rarely,162,Research & Development,9,3,Human Resources,1,97,1,Male,72,3,3,Research Director,1,Divorced,9966,16162,4,Y,No,19,3,4,80,2,18,2,2,0,0,0,0
34,No,Travel_Rarely,174,Research & Development,6,3,Human Resources,1,98,4,Female,100,2,2,Healthcare Representative,2,Single,6766,25491,6,Y,No,14,4,3,80,0,14,1,3,2,0,0,0
24,Yes,Travel_Rarely,724,Research & Development,6,4,Human Resources,1,99,4,Male,61,2,1,Research Scientist,2,Single,4573,17295,5,Y,No,20,4,3,80,0,3,6,1,3,3,3,2
39,Yes,Travel_Rarely,576,Research & Development,4,2,Medical,1,100,3,Female,96,2,4,Laboratory Technician,4,Married,13920,15629,5,Y,Yes,18,3,4,80,1,21,4,2,21,9,0,9
40,Yes,Travel_Rarely,1056,Sales,5,5,Human Resources,1,101,1,Male,70,2,4,Sales Executive,2,Single,11760,15414,1,Y,No,19,4,4,80,0,18,6,3,2,1,1,2
38,No,Travel_Rarely,295,Research & Development,10,4,Life Sciences,1,102,4,Male,89,3,3,Research Scientist,1,Married,11667,5433,2,Y,No,12,3,4,80,2,17,0,3,12,8,1,7
49,No,Travel_Rarely,1118,Research & Development,24,1,Marketing,1,103,1,Female,33,3,3,Healthcare Representative,4,Divorced,9402,14635,6,Y,No,13,4,1,80,2,30,1,4,0,0,0,0
43,No,Travel_Rarely,1217,Research & Development,8,3,Life Sciences,1,104,3,Female,92,3,4,Laboratory Technician,4,Divorced,14911,13367,9,Y,No,19,4,4,80,1,19,3,4,15,8,1,9
36,Yes,Travel_Rarely,586,Research & Development,29,3,Marketing,1,105,3,Male,70,4,5,Research Scientist,4,Divorced,16964,26280,5,Y,Yes,25,3,2,80,1,16,5,4,0,0,0,0
30,Yes,Travel_Frequently,404,Research & Development,14,5,Medical,1,106,4,Female,48,3,2,Research Director,2,Divorced,8138,5728,8,Y,Yes,24,4,1,80,1,10,0,3,4,0,0,2
21,Yes,Travel_Rarely,105,Research & Development,1,2,Marketing,1,107,3,Female,80,2,1,Research Scientist,4,Divorced,4059,20689,0,Y,No,13,4,2,80,1,0,6,3,0,0,0,0
43,Yes,Travel_Rarely,999,Research & Development,1,3,Medical,1,108,2,Female,83,3,4,Healthcare Representative,4,Single,12467,7544,6,Y,No,18,4,2,80,0,23,2,3,7,3,7,5
32,No,Travel_Frequently,985,Research & Development,2,3,Other,1,109,4,Male,51,3,3,Research Director,4,Single,10347,21994,6,Y,Yes,13,3,2,80,0,10,0,4,0,0,0,0
24,Yes,Non-Travel,1409,Research & Development,6,3,Other,1,110,1,Female,67,2,1,Research Director,4,Single,4014,4778,7,Y,Yes,24,3,3,80,0,3,2,3,0,0,0,0
39,No,Travel_Rarely,567,Sales,4,3,Life Sciences,1,111,4,Female,100,3,5,Sales Representative,1,Single,15851,4092,6,Y,No,24,4,3,80,0,16,4,3,1,0,0,0
28,No,Travel_Rarely,630,Research & Development,4,4,Technical Degree,1,112,3,Male,70,3,4,Laboratory Technician,4,Single,14741,25919,1,Y,No,12,4,3,80,0,8,4,4,0,0,0,0
30,No,Travel_Frequently,1273,Research & Development,8,3,Life Sciences,1,113,4,Female,90,2,4,Healthcare Representative,4,Married,12352,3321,2,Y,No,15,4,4,80,1,11,1,3,3,2,0,0
26,No,Travel_Rarely,955,Research & Development,1,3,Marketing,1,114,4,Female,41,3,1,Healthcare Representative,2,Married,4913,8252,7,Y,No,14,4,2,80,1,3,5,3,0,0,0,0
25,Yes,Travel_Frequently,914,Research & Development,1,4,Human Resources,1,115,1,Female,45,3,2,Research Scientist,1,Single,7493,24414,0,Y,Yes,14,4,2,80,0,5,3,2,5,3,2,1
32,Yes,Travel_Rarely,1072,Sales,1,4,Human Resources,1,116,2,Male,46,4,2,Manager,3,Single,5993,23307,2,Y,Yes,20,3,3,80,0,10,1,3,0,0,0,0
36,Yes,Travel_Rarely,668,Research & Development,20,4,Other,1,117,3,Female,71,3,2,Manager,3,Divorced,7075,11166,4,Y,Yes,21,4,2,80,2,14,1,3,1,1,1,0
46,No,Travel_Rarely,1140,Sales,10,4,Technical Degree,1,118,4,Female,68,4,4,Manager,2,Single,13078,7664,8,Y,No,13,4,3,80,0,24,0,3,2,2,1,0
22,Yes,Non-Travel,500,Sales,20,3,Medical,1,119,4,Male,94,4,1,Manager,3,Married,5100,6020,6,Y,No,19,4,4,80,2,0,3,3,0,0,0,0
53,No,Travel_Rarely,282,Research & Development,7,4,Marketing,1,120,3,Female,46,2,4,Laboratory Technician,2,Married,12030,22229,6,Y,Yes,21,4,4,80,1,33,3,3,2,2,2,1
27,Yes,Travel_Frequently,1175,Research & Development,26,4,Medical,1,121,2,Male,73,3,2,Research Director,1,Married,9170,16304,2,Y,Yes,16,4,1,80,3,9,2,4,7,5,2,3
36,No,Travel_Rarely,880,Sales,11,2,Life Sciences,1,122,4,Male,45,3,4,Sales Representative,3,Married,11951,20027,4,Y,No,18,3,3,80,3,16,1,1,0,0,0,0
32,Yes,Travel_Rarely,182,Research & Development,2,3,Life Sciences,1,123,2,Male,100,3,2,Manager,2,Single,7667,18358,3,Y,Yes,22,4,3,80,0,8,2,2,8,2,0,4
37,No,Travel_Rarely,195,Research & Development,1,1,Human Resources,1,124,4,Male,31,2,3,Research Scientist,2,Divorced,12410,6628,2,Y,Yes,16,4,3,80,1,18,3,3,16,9,3,3
43,No,Travel_Rarely,836,Sales,4,5,Marketing,1,125,1,Female,33,3,3,Sales Representative,4,Married,11647,24522,2,Y,Yes,18,4,3,80,1,19,0,3,8,4,1,0
44,No,Travel_Rarely,423,Research & Development,18,3,Marketing,1,126,3,Male,94,1,4,Manager,4,Married,12723,17471,7,Y,No,24,3,3,80,3,21,0,4,5,1,3,1
36,No,Travel_Rarely,1369,Research & Development,7,3,Life Sciences,1,127,1,Male,68,3,4,Manufacturing Director,3,Married,13685,18751,8,Y,Yes,14,4,1,80,3,17,2,3,4,0,4,0
34,No,Travel_Rarely,940,Research & Development,8,3,Marketing,1,128,3,Female,43,2,3,Healthcare Representative,4,Single,10619,10426,9,Y,No,14,3,1,80,0,9,0,2,0,0,0,0
45,No,Travel_Rarely,364,Research & Development,12,1,Other,1,129,4,Male,43,2,3,Laboratory Technician,3,Married,10325,14788,9,Y,No,20,4,3,80,2,20,4,4,4,1,2,0
43,No,Travel_Rarely,1479,Research & Development,29,5,Medical,1,130,4,Female,46,3,5,Manager,3,Single,14992,25372,2,Y,No,19,4,2,80,0,23,5,2,1,0,1,1
43,Yes,Travel_Frequently,1210,Research & Development,10,4,Other,1,131,4,Female,34,3,4,Research Director,3,Married,14090,13847,7,Y,Yes,12,3,1,80,1,19,5,2,11,7,2,7
31,No,Travel_Rarely,498,Research & Development,1,3,Marketing,1,132,4,Female,67,3,3,Manager,4,Married,10321,16800,2,Y,No,21,3,3,80,1,8,1,3,8,3,0,4
51,No,Travel_Rarely,1178,Research & Development,2,2,Technical Degree,1,133,4,Female,58,2,3,Research Scientist,2,Divorced,10521,8119,8,Y,Yes,12,3,4,80,3,33,3,3,2,0,2,1
27,Yes,Travel_Rarely,152,Research & Development,4,2,Other,1,134,4,Female,96,2,4,Laboratory Technician,2,Single,13844,14380,8,Y,Yes,23,4,4,80,0,9,3,2,0,0,0,0
55,No,Non-Travel,781,Research & Development,1,4,Life Sciences,1,135,4,Male,34,2,5,Research Director,3,Divorced,16804,4961,1,Y,Yes,11,3,4,80,3,36,6,3,1,1,1,1
36,No,Travel_Rarely,998,Sales,8,3,Technical Degree,1,136,2,Male,78,3,3,Sales Representative,3,Married,9878,15041,0,Y,No,18,3,2,80,1,12,4,3,7,4,2,2
39,No,Non-Travel,393,Sales,1,3,Marketing,1,137,2,Female,50,4,4,Manager,4,Divorced,13356,8123,3,Y,No,20,4,4,80,2,21,1,2,5,5,2,2
47,No,Travel_Rarely,1298,Research & Development,7,2,Human Resources,1,138,3,Male,49,3,3,Research Scientist,4,Single,9957,20626,9,Y,No,16,4,2,80,0,25,3,3,0,0,0,0
40,No,Travel_Rarely,1140,Sales,2,3,Other,1,139,4,Female,33,3,2,Manager,1,Divorced,8532,21161,9,Y,No,17,3,4,80,1,15,0,3,4,3,1,1
26,No,Travel_Rarely,401,Human Resources,1,3,Technical Degree,1,140,3,Female,91,3,2,Human Resources,4,Divorced,8150,13851,0,Y,No,14,4,1,80,3,6,1,2,4,1,2,0
44,No,Non-Travel,1160,Research & Development,4,3,Human Resources,1,141,3,Female,62,3,4,Laboratory Technician,1,Married,13970,14425,3,Y,Yes,19,4,3,80,3,26,2,3,0,0,0,0
40,Yes,Travel_Rarely,601,Sales,1,2,Life Sciences,1,142,1,Male,35,3,3,Manager,3,Divorced,10988,6284,9,Y,Yes,20,3,3,80,3,18,1,3,1,0,0,0
35,No,Travel_Rarely,803,Research & Development,1,4,Medical,1,143,4,Male,88,2,2,Research Scientist,4,Married,8099,21641,9,Y,Yes,12,3,1,80,1,13,3,3,13,7,0,5
33,Yes,Travel_Rarely,1187,Research & Development,1,1,Other,1,144,4,Female,84,3,3,Research Director,4,Married,11226,9613,7,Y,No,23,4,3,80,1,15,2,3,14,9,2,7
24,Yes,Travel_Rarely,974,Sales,1,3,Human Resources,1,145,3,Male,62,3,2,Manager,2,Married,7621,10656,8,Y,No,17,4,2,80,1,5,4,3,2,0,2,0
34,No,Travel_Frequently,1229,Sales,5,3,Human Resources,1,146,2,Female,36,3,2,Sales Representative,4,Single,7743,7361,6,Y,No,21,3,4,80,0,12,6,2,12,10,2,6
41,No,Travel_Rarely,170,Sales,2,1,Life Sciences,1,147,3,Male,95,3,5,Sales Representative,3,Married,16993,18996,3,Y,Yes,20,3,2,80,1,17,5,3,17,10,1,8
43,No,Non-Travel,1279,Research & Development,13,3,Life Sciences,1,148,2,Female,30,2,3,Laboratory Technician,4,Divorced,10319,10649,2,Y,No,17,3,2,80,3,19,4,3,6,3,2,3
43,No,Travel_Frequently,748,Sales,15,3,Marketing,1,149,3,Female,82,2,4,Manager,2,Married,11262,13664,8,Y,No,19,3,2,80,1,19,5,3,5,3,4,2
40,No,Travel_Frequently,831,Research & Development,1,4,Other,1,150,2,Female,49,3,4,Manager,2,Married,14985,5589,1,Y,No,25,3,2,80,1,17,5,2,3,0,3,1
47,Yes,Travel_Frequently,348,Research & Development,4,3,Life Sciences,1,151,3,Female,96,3,4,Research Director,3,Married,12763,17169,5,Y,Yes,22,3,3,80,2,22,0,3,1,0,1,0
32,Yes,Travel_Frequently,654,Research & Development,1,2,Human Resources,1,152,2,Female,60,2,1,Manufacturing Director,1,Married,5908,20291,6,Y,No,24,4,1,80,2,7,1,3,7,2,1,4
50,No,Travel_Rarely,629,Research & Development,1,4,Medical,1,153,4,Female,74,3,4,Research Scientist,1,Divorced,12606,2743,6,Y,Yes,12,4,4,80,2,25,6,2,2,2,2,0
31,Yes,Travel_Rarely,433,Research & Development,29,2,Other,1,154,4,Female,73,3,1,Manager,2,Divorced,5541,9572,5,Y,No,16,4,3,80,3,6,5,3,6,1,1,5
35,No,Travel_Frequently,1175,Research & Development,6,3,Marketing,1,155,3,Male,40,1,3,Healthcare Representative,1,Single,12066,5499,4,Y,No,20,3,4,80,0,15,0,3,13,10,0,7
26,No,Travel_Rarely,1404,Research & Development,8,2,Other,1,156,3,Male,85,3,2,Laboratory Technician,4,Divorced,6288,19246,8,Y,No,15,4,3,80,3,8,3,2,0,0,0,0
20,Yes,Travel_Rarely,1250,Research & Development,3,1,Technical Degree,1,157,4,Male,85,3,1,Manufacturing Director,4,Single,3439,15029,3,Y,No,13,4,3,80,0,0,6,3,0,0,0,0
31,Yes,Travel_Frequently,1197,Research & Development,21,4,Human Resources,1,158,3,Female,32,3,2,Laboratory Technician,3,Single,8452,8186,1,Y,Yes,15,4,3,80,0,9,1,3,7,5,2,3
33,Yes,Travel_Rarely,611,Research & Development,3,3,Life Sciences,1,159,3,Female,79,3,4,Laboratory Technician,1,Married,14529,16608,3,Y,Yes,22,3,4,80,1,10,1,2,4,0,4,0
21,Yes,Travel_Rarely,667,Research & Development,29,4,Technical Degree,1,160,4,Male,45,3,1,Laboratory Technician,2,Married,5296,15063,3,Y,No,11,3,1,80,1,3,4,3,3,2,2,3
39,Yes,Travel_Rarely,377,Research & Development,6,3,Life Sciences,1,161,4,Female,62,3,3,Manufacturing Director,4,Divorced,8549,3387,7,Y,Yes,22,4,3,80,3,21,4,2,0,0,0,0
33,No,Travel_Rarely,1450,Research & Development,11,2,Human Resources,1,162,1,Male,98,2,2,Laboratory Technician,1,Married,6794,14791,3,Y,No,19,4,4,80,3,14,6,3,5,5,1,3
25,Yes,Travel_Rarely,529,Research & Development,6,1,Marketing,1,163,3,Male,92,3,2,Manager,3,Married,7733,4714,7,Y,No,23,3,1,80,3,5,2,2,5,2,0,1
18,Yes,Travel_Rarely,318,Research & Development,8,3,Other,1,164,3,Male,75,3,1,Manufacturing Director,2,Married,4254,24195,7,Y,Yes,22,4,3,80,1,0,0,2,0,0,0,0
39,No,Travel_Rarely,1018,Research & Development,29,3,Other,1,165,3,Female,80,2,4,Manufacturing Director,2,Married,12617,2100,0,Y,No,15,3,4,80,1,16,4,4,5,4,5,3
49,Yes,Travel_Frequently,1090,Research & Development,1,4,Medical,1,166,2,Female,52,2,5,Laboratory Technician,3,Single,16021,18093,9,Y,Yes,24,3,3,80,0,29,4,2,0,0,0,0
35,No,Travel_Frequently,554,Sales,22,3,Life Sciences,1,167,3,Female,49,2,3,Sales Representative,2,Married,9903,3749,6,Y,No,18,3,1,80,3,11,1,3,11,6,0,6
22,Yes,Travel_Rarely,647,Research & Development,12,3,Life Sciences,1,168,3,Female,85,3,1,Manufacturing Director,3,Single,3376,12691,9,Y,No,12,3,3,80,0,3,5,4,3,3,1,0
29,No,Travel_Rarely,130,Research & Development,13,2,Human Resources,1,169,1,Female,73,3,2,Manufacturing Director,1,Married,7312,24828,1,Y,Yes,15,4,4,80,1,4,3,4,4,3,1,3
43,No,Travel_Rarely,1453,Research & Development,2,3,Human Resources,1,170,1,Male,76,2,3,Laboratory Technician,3,Married,10157,5629,0,Y,Yes,15,4,1,80,2,25,1,3,3,1,3,0
47,No,Travel_Frequently,894,Sales,6,2,Technical Degree,1,171,3,Female,33,3,4,Sales Representative,2,Married,13573,20278,4,Y,Yes,14,3,4,80,2,29,2,3,0,0,0,0
47,No,Non-Travel,1174,Research & Development,8,3,Human Resources,1,172,1,Male,47,2,3,Healthcare Representative,3,Single,9697,16186,2,Y,No,21,3,4,80,0,23,2,3,1,0,0,1
47,No,Travel_Frequently,1356,Sales,1,1,Marketing,1,173,1,Female,59,3,4,Sales Executive,1,Single,13854,21635,3,Y,No,14,3,1,80,0,23,2,4,22,14,1,11
50,Yes,Travel_Frequently,1365,Research & Development,4,4,Technical Degree,1,174,3,Female,92,4,3,Research Director,2,Married,10293,24633,5,Y,Yes,24,4,2,80,3,25,1,2,1,1,0,1
22,No,Travel_Rarely,725,Research & Development,8,4,Other,1,175,1,Male,66,2,1,Healthcare Representative,2,Married,5357,17211,2,Y,No,17,4,4,80,3,3,4,4,3,3,3,3
49,Yes,Travel_Rarely,1022,Sales,11,2,Other,1,176,2,Male,76,3,4,Sales Representative,3,Married,14023,4889,8,Y,Yes,22,4,4,80,2,25,5,2,3,0,1,2
39,Yes,Travel_Rarely,1121,Sales,13,4,Human Resources,1,177,1,Male,93,3,3,Sales Representative,4,Married,10769,19903,0,Y,No,20,4,4,80,3,19,1,1,14,6,0,7
39,Yes,Travel_Rarely,1455,Research & Development,1,4,Life Sciences,1,178,2,Female,52,2,5,Healthcare Representative,1,Divorced,15320,17014,9,Y,No,16,3,1,80,2,18,0,4,0,0,0,0
37,Yes,Travel_Frequently,1348,Sales,1,3,Technical Degree,1,179,4,Male,70,4,2,Sales Executive,3,Divorced,7870,10602,8,Y,No,20,4,3,80,3,15,1,4,2,0,1,1
28,Yes,Travel_Frequently,623,Sales,19,2,Technical Degree,1,180,1,Female,38,3,2,Sales Representative,2,Divorced,6815,12179,4,Y,No,19,4,4,80,2,7,6,2,0,0,0,0
50,No,Travel_Rarely,1259,Research & Development,1,2,Human Resources,1,181,4,Female,70,1,3,Manager,3,Married,11974,20286,8,Y,Yes,11,3,4,80,3,27,4,4,17,10,1,8
30,No,Non-Travel,544,Sales,2,1,Life Sciences,1,182,1,Female,97,3,3,Sales Representative,3,Single,9599,12000,2,Y,No,12,4,3,80,0,10,6,2,5,0,1,0
42,Yes,Travel_Frequently,738,Research & Development,21,2,Life Sciences,1,183,4,Female,35,3,5,Research Director,2,Divorced,16140,24607,9,Y,No,24,3,1,80,3,17,2,3,9,5,2,5
34,Yes,Travel_Rarely,657,Research & Development,7,3,Other,1,184,1,Male,48,3,3,Manager,4,Single,9742,25174,4,Y,Yes,20,3,3,80,0,11,1,2,1,0,1,0
48,Yes,Travel_Rarely,1055,Research & Development,5,3,Life Sciences,1,185,2,Male,46,3,4,Healthcare Representative,2,Married,13671,5138,7,Y,No,12,4,2,80,3,24,2,3,0,0,0,0
31,Yes,Travel_Rarely,1142,Research & Development,20,2,Medical,1,186,1,Female,43,3,1,Laboratory Technician,3,Single,5810,15387,1,Y,No,16,3,4,80,0,7,6,2,1,0,1,0
33,No,Travel_Rarely,1050,Research & Development,1,3,Human Resources,1,187,3,Male,71,3,2,Laboratory Technician,1,Married,8159,20283,1,Y,No,24,4,4,80,1,10,1,3,1,1,1,0
33,No,Travel_Frequently,1269,Research & Development,4,3,Human Resources,1,188,3,Male,68,3,3,Manager,2,Married,9367,16339,5,Y,No,12,3,3,80,2,14,4,2,1,1,0,0
46,No,Travel_Rarely,839,Research & Development,7,1,Life Sciences,1,189,3,Female,83,3,3,Manufacturing Director,2,Married,12699,7149,4,Y,No,24,3,1,80,2,27,1,2,13,7,6,7
50,No,Travel_Rarely,1129,Research & Development,29,1,Other,1,190,2,Female,64,3,4,Healthcare Representative,1,Divorced,14026,15556,8,Y,No,20,4,3,80,2,25,0,3,15,9,3,10
48,No,Travel_Rarely,1062,Sales,10,2,Human Resources,1,191,3,Female,88,3,4,Sales Executive,4,Married,12917,18892,7,Y,No,20,4,2,80,3,23,3,1,5,2,2,1
21,Yes,Travel_Rarely,677,Research & Development,8,3,Life Sciences,1,192,2,Female,65,2,1,Laboratory Technician,1,Married,4143,10513,0,Y,No,22,3,3,80,1,3,4,3,3,3,2,0
42,No,Travel_Frequently,533,Research & Development,2,4,Marketing,1,193,3,Female,74,3,3,Healthcare Representative,4,Single,11500,3874,4,Y,No,23,3,4,80,0,22,0,2,11,8,5,5
41,No,Travel_Rarely,660,Research & Development,10,3,Human Resources,1,194,1,Female,72,3,3,Manager,3,Married,11887,10952,4,Y,No,23,3,2,80,1,21,2,3,5,4,1,1
31,No,Travel_Frequently,1446,Sales,7,2,Medical,1,195,2,Female,57,2,2,Manager,2,Married,7355,21734,1,Y,No,22,3,2,80,2,11,0,1,2,0,0,1
39,No,Travel_Frequently,783,Sales,1,2,Human Resources,1,196,4,Male,37,3,5,Manager,2,Married,16142,10555,4,Y,No,13,4,1,80,3,17,0,2,2,0,2,2
18,No,Travel_Rarely,647,Research & Development,1,4,Other,1,197,3,Male,49,4,1,Laboratory Technician,4,Single,4488,25033,5,Y,No,25,4,1,80,0,0,4,3,0,0,0,0
51,No,Travel_Rarely,798,Sales,11,4,Technical Degree,1,198,2,Male,40,3,4,Sales Representative,1,Married,11864,17155,4,Y,No,21,3,4,80,3,30,1,3,0,0,0,0
18,No,Travel_Rarely,1022,Sales,1,3,Other,1,199,3,Female,32,3,1,Sales Representative,1,Divorced,4500,3307,5,Y,Yes,11,4,3,80,1,0,6,3,0,0,0,0
35,No,Travel_Rarely,1036,Research & Development,25,4,Other,1,200,4,Male,51,2,2,Manager,1,Single,9685,21461,1,Y,No,24,3,1,80,0,14,0,1,14,6,0,9
20,Yes,Travel_Rarely,859,Research & Development,16,4,Technical Degree,1,201,1,Female,100,3,1,Laboratory Technician,1,Single,4099,7500,7,Y,No,14,3,1,80,0,0,1,2,0,0,0,0
51,No,Travel_Frequently,282,Research & Development,1,1,Life Sciences,1,202,2,Male,68,3,3,Laboratory Technician,1,Married,9043,13492,6,Y,No,11,3,3,80,2,29,1,3,3,3,3,2
45,No,Travel_Rarely,1030,Research & Development,5,3,Human Resources,1,203,4,Male,35,2,5,Manufacturing Director,1,Single,16742,5515,0,Y,No,25,3,2,80,0,23,1,2,0,0,0,0
39,No,Travel_Rarely,895,Research & Development,7,3,Other,1,204,3,Female,77,4,5,Laboratory Technician,3,Single,17456,6563,7,Y,No,22,3,4,80,0,18,5,2,10,3,1,8
32,No,Travel_Rarely,545,Research & Development,2,2,Other,1,205,3,Female,90,3,1,Research Scientist,3,Divorced,5317,17257,4,Y,No,11,4,2,80,1,7,5,3,3,3,3,1
41,No,Non-Travel,373,Research & Development,22,4,Human Resources,1,206,3,Female,75,3,4,Laboratory Technician,2,Divorced,12492,11786,3,Y,No,21,3,3,80,1,23,0,1,0,0,0,0
29,Yes,Travel_Rarely,526,Sales,29,3,Other,1,207,2,Male,40,4,1,Manager,1,Married,3527,22425,5,Y,No,22,3,3,80,3,5,4,2,1,0,1,0
49,No,Travel_Rarely,1133,Sales,8,3,Technical Degree,1,208,4,Male,84,3,4,Sales Executive,4,Married,13852,11175,0,Y,No,12,4,4,80,3,30,2,3,5,1,4,3
26,Yes,Travel_Rarely,331,Sales,15,4,Other,1,209,1,Female,48,2,1,Sales Representative,3,Divorced,2885,18357,2,Y,Yes,24,3,1,80,2,3,4,4,3,2,3,3
38,No,Non-Travel,724,Research & Development,5,3,Human Resources,1,210,3,Male,46,3,4,Manager,2,Married,11381,12137,2,Y,No,23,4,3,80,3,16,1,3,1,0,0,1
18,Yes,Travel_Rarely,173,Sales,5,2,Medical,1,211,1,Male,70,3,1,Sales Executive,4,Single,2625,13361,2,Y,No,16,4,3,80,0,0,4,3,0,0,0,0
48,No,Non-Travel,1007,Research & Development,13,4,Technical Degree,1,212,4,Female,73,3,4,Research Scientist,4,Single,12590,24675,1,Y,No,22,4,3,80,0,28,0,2,0,0,0,0
44,No,Travel_Frequently,216,Research & Development,5,1,Human Resources,1,213,4,Male,76,3,3,Healthcare Representative,4,Married,10366,15121,2,Y,No,22,4,2,80,3,23,2,3,6,5,0,4
35,No,Travel_Frequently,237,Research & Development,1,4,Technical Degree,1,214,3,Female,78,3,2,Manufacturing Director,1,Single,6426,4992,0,Y,No,17,4,2,80,0,11,3,3,11,6,1,7
41,No,Travel_Rarely,1109,Research & Development,4,3,Medical,1,215,4,Male,61,3,3,Laboratory Technician,4,Single,11015,3026,1,Y,Yes,23,4,3,80,0,19,3,3,12,9,1,4
40,Yes,Travel_Rarely,695,Sales,18,3,Technical Degree,1,216,1,Female,67,4,4,Manager,1,Married,13128,19448,1,Y,Yes,19,3,2,80,3,21,6,3,3,1,3,3
26,No,Travel_Rarely,487,Research & Development,3,4,Human Resources,1,217,4,Female,97,2,2,Laboratory Technician,3,Married,8176,19529,8,Y,Yes,22,3,4,80,2,4,3,2,4,0,3,4
33,Yes,Travel_Rarely,1093,Sales,10,2,Technical Degree,1,218,1,Female,85,3,2,Sales Executive,1,Married,6818,3487,3,Y,No,12,3,1,80,2,10,6,3,1,0,1,0
30,No,Travel_Rarely,241,Research & Development,9,4,Life Sciences,1,219,3,Male,42,3,2,Manufacturing Director,2,Single,7648,21038,0,Y,No,19,3,4,80,0,9,5,3,6,1,0,3
39,Yes,Non-Travel,841,Sales,1,2,Life Sciences,1,220,2,Female,66,2,5,Manager,1,Married,16121,20350,0,Y,No,12,4,4,80,3,16,3,2,8,6,0,3
42,Yes,Non-Travel,1311,Research & Development,5,3,Other,1,221,3,Female,43,2,4,Manufacturing Director,3,Divorced,12055,26389,2,Y,Yes,12,4,3,80,2,18,1,3,1,1,0,1
30,Yes,Travel_Rarely,241,Human Resources,4,3,Life Sciences,1,222,2,Female,93,2,2,Human Resources,3,Married,6729,24314,0,Y,Yes,13,4,3,80,1,6,4,2,3,3,3,3
34,No,Travel_Rarely,1008,Research & Development,6,3,Life Sciences,1,223,4,Female,88,3,3,Research Scientist,4,Single,10109,3273,0,Y,No,13,4,4,80,0,13,5,2,2,0,2,0
41,No,Travel_Frequently,157,Research & Development,7,3,Technical Degree,1,224,2,Female,73,3,4,Healthcare Representative,1,Married,13514,14564,1,Y,No,17,4,1,80,2,16,2,3,5,4,0,4
34,No,Travel_Rarely,302,Research & Development,1,3,Other,1,225,1,Female,92,3,3,Laboratory Technician,3,Divorced,10929,5372,3,Y,No,16,4,1,80,2,15,4,3,2,1,0,0
41,No,Non-Travel,531,Research & Development,2,3,Marketing,1,226,4,Male,74,3,3,Manufacturing Director,1,Single,10120,4606,4,Y,No,19,4,2,80,0,20,3,2,2,0,0,2
32,No,Travel_Rarely,1049,Research & Development,10,3,Human Resources,1,227,4,Male,48,1,2,Manufacturing Director,4,Married,7509,9970,2,Y,No,22,4,4,80,3,12,6,3,6,2,0,6
29,Yes,Travel_Rarely,161,Sales,4,4,Other,1,228,3,Male,63,2,1,Sales Executive,4,Single,5594,11196,8,Y,No,13,3,3,80,0,7,5,4,7,4,0,3
35,No,Travel_Rarely,286,Sales,18,4,Marketing,1,229,4,Female,60,4,3,Sales Executive,3,Married,11663,21748,1,Y,Yes,23,4,4,80,3,12,2,4,7,4,6,0
44,No,Non-Travel,855,Sales,2,1,Medical,1,230,3,Male,69,4,3,Manager,3,Single,9884,2784,9,Y,No,11,3,4,80,0,22,5,3,4,0,0,0
48,No,Travel_Rarely,1421,Research & Development,10,4,Marketing,1,231,4,Male,82,4,5,Healthcare Representative,2,Single,16630,3204,4,Y,Yes,24,3,2,80,0,27,6,4,13,6,1,8
38,No,Travel_Rarely,1388,Sales,22,1,Other,1,232,1,Male,69,2,4,Sales Representative,3,Single,12302,12374,9,Y,No,12,3,3,80,0,16,1,3,4,0,1,0
36,Yes,Travel_Frequently,149,Sales,10,4,Medical,1,233,3,Female,59,3,3,Manager,1,Single,11597,5009,7,Y,No,14,4,4,80,0,11,5,4,4,4,3,1
38,No,Travel_Rarely,525,Research & Development,28,2,Marketing,1,234,4,Male,57,3,4,Research Director,4,Married,13236,11366,3,Y,Yes,17,3,2,80,1,20,3,3,8,4,1,6
37,No,Travel_Rarely,827,Human Resources,21,3,Medical,1,235,3,Female,35,4,4,Human Resources,1,Married,13801,2269,4,Y,No,19,4,3,80,3,18,2,1,0,0,0,0
50,No,Travel_Rarely,1357,Research & Development,2,3,Life Sciences,1,236,4,Female,63,2,3,Research Director,4,Single,9815,19034,5,Y,Yes,17,3,4,80,0,25,2,4,0,0,0,0
36,No,Travel_Frequently,405,Human Resources,9,4,Human Resources,1,237,1,Male,45,3,3,Human Resources,2,Divorced,10158,13549,1,Y,No,14,4,3,80,2,15,1,3,1,0,0,1
44,No,Travel_Rarely,1452,Sales,7,5,Other,1,238,3,Male,91,2,3,Manager,3,Divorced,11944,16972,4,Y,No,20,3,4,80,1,20,2,3,17,7,0,8
49,No,Non-Travel,435,Human Resources,29,4,Marketing,1,239,3,Male,79,2,4,Human Resources,1,Married,15660,15279,4,Y,No,21,3,4,80,1,28,0,3,13,7,4,6
31,No,Travel_Rarely,1428,Sales,4,1,Other,1,240,1,Female,49,4,2,Sales Representative,3,Divorced,7731,18324,8,Y,No,21,3,1,80,3,10,2,3,4,4,4,0
33,No,Non-Travel,335,Sales,10,3,Medical,1,241,3,Male,89,2,2,Sales Representative,3,Single,7452,7977,2,Y,No,24,4,2,80,0,9,0,2,2,1,0,1
53,No,Travel_Rarely,931,Research & Development,9,3,Other,1,242,3,Female,92,3,4,Research Director,1,Divorced,15932,12016,9,Y,No,24,4,2,80,1,30,5,1,23,15,6,13
30,No,Travel_Rarely,1013,Research & Development,1,2,Life Sciences,1,243,1,Male,92,2,2,Manufacturing Director,4,Divorced,7248,17543,0,Y,No,24,4,1,80,1,9,4,3,9,2,0,3
37,Yes,Travel_Rarely,140,Sales,1,4,Life Sciences,1,244,4,Female,84,2,2,Sales Representative,4,Married,8083,20981,5,Y,No,19,3,4,80,3,13,2,3,13,9,4,5
44,No,Non-Travel,955,Research & Development,3,4,Human Resources,1,245,4,Male,76,3,3,Healthcare Representative,4,Married,10623,17571,2,Y,No,20,3,3,80,3,24,2,3,2,0,0,0
35,Yes,Travel_Rarely,1252,Research & Development,6,4,Medical,1,246,4,Female,58,2,2,Laboratory Technician,3,Single,7216,18031,4,Y,No,16,4,4,80,0,13,6,3,1,0,1,1
54,No,Travel_Frequently,423,Research & Development,8,1,Other,1,247,4,Male,67,3,4,Laboratory Technician,1,Divorced,11852,25299,7,Y,No,23,4,1,80,1,29,5,3,11,7,9,6
40,No,Travel_Frequently,948,Research & Development,5,3,Life Sciences,1,248,3,Male,82,2,3,Laboratory Technician,1,Married,11817,17126,8,Y,No,23,4,4,80,3,19,0,3,12,6,1,6
22,Yes,Travel_Rarely,1496,Sales,3,5,Life Sciences,1,249,3,Male,100,2,1,Manager,4,Single,3331,12066,5,Y,No,25,4,3,80,0,0,0,3,0,0,0,0
45,No,Travel_Rarely,741,Research & Development,9,4,Other,1,250,4,Female,96,2,3,Laboratory Technician,4,Married,11999,13258,2,Y,Yes,11,3,3,80,3,22,6,3,15,5,4,7
30,No,Travel_Rarely,1464,Sales,6,4,Other,1,251,2,Female,98,3,2,Sales Representative,2,Married,8162,21608,3,Y,No,16,4,4,80,2,8,2,3,6,3,1,6
28,No,Travel_Rarely,642,Research & Development,12,1,Other,1,252,2,Male,93,3,1,Laboratory Technician,1,Single,5151,22949,6,Y,No,18,4,3,80,0,5,5,3,4,0,0,0
53,No,Travel_Frequently,723,Research & Development,1,4,Technical Degree,1,253,1,Male,67,3,5,Laboratory Technician,3,Divorced,16833,18016,0,Y,Yes,23,3,1,80,1,32,1,2,4,1,0,3
38,No,Travel_Rarely,407,Sales,15,3,Marketing,1,254,4,Male,71,3,2,Sales Representative,1,Married,7181,5020,9,Y,No,21,4,1,80,3,15,3,3,0,0,0,0
37,No,Travel_Frequently,470,Research & Development,9,4,Technical Degree,1,255,3,Male,32,2,3,Manager,1,Single,10309,11103,3,Y,No,14,4,3,80,0,15,0,4,5,4,0,1
41,Yes,Travel_Frequently,768,Research & Development,1,3,Technical Degree,1,256,2,Female,53,2,3,Research Scientist,1,Single,11854,2984,0,Y,Yes,15,4,2,80,0,23,0,3,13,5,1,7
32,No,Travel_Rarely,309,Research & Development,2,3,Life Sciences,1,257,1,Male,61,3,1,Healthcare Representative,3,Single,4581,20270,2,Y,No,15,4,4,80,0,7,3,1,4,4,2,3
48,No,Travel_Rarely,537,Research & Development,1,2,Marketing,1,258,4,Female,95,4,4,Laboratory Technician,2,Single,12430,11312,0,Y,Yes,13,3,2,80,0,23,2,3,0,0,0,0
48,No,Non-Travel,110,Sales,18,2,Human Resources,1,259,4,Female,31,4,4,Manager,2,Single,12923,24137,2,Y,No,17,4,4,80,0,25,6,2,7,5,7,3
33,No,Travel_Rarely,1495,Sales,20,4,Life Sciences,1,260,1,Female,75,3,2,Manager,2,Married,6794,8369,1,Y,No,24,4,2,80,1,14,6,1,3,2,3,2
35,No,Travel_Rarely,362,Research & Development,21,4,Life Sciences,1,261,4,Male,63,3,4,Manufacturing Director,3,Married,13801,20768,3,Y,No,25,4,3,80,3,17,1,2,1,0,1,0
38,No,Travel_Rarely,198,Human Resources,2,3,Other,1,262,1,Female,65,1,5,Human Resources,3,Divorced,17688,15858,8,Y,No,18,4,3,80,2,20,0,3,19,11,3,11
30,No,Travel_Rarely,785,Sales,10,4,Other,1,263,4,Male,96,4,2,Sales Executive,4,Married,6963,9851,1,Y,No,23,4,2,80,3,9,6,3,1,1,1,0
45,No,Travel_Rarely,1379,Research & Development,19,4,Life Sciences,1,264,4,Male,31,3,3,Research Scientist,3,Married,13004,16951,6,Y,No,18,4,3,80,2,27,4,3,17,11,1,8
30,No,Travel_Rarely,1436,Sales,7,1,Technical Degree,1,265,3,Male,75,3,2,Sales Executive,2,Married,7585,12291,9,Y,No,25,3,4,80,3,11,1,2,6,2,5,4
24,Yes,Travel_Rarely,789,Research & Development,10,1,Human Resources,1,266,3,Male,68,3,1,Research Scientist,4,Single,3885,15813,5,Y,Yes,13,3,3,80,0,0,3,3,0,0,0,0
51,No,Travel_Rarely,839,Research & Development,2,3,Other,1,267,1,Male,35,3,3,Research Scientist,2,Divorced,12124,3066,3,Y,Yes,14,4,3,80,2,26,1,2,9,2,9,3
38,No,Travel_Rarely,235,Research & Development,1,4,Medical,1,268,4,Male,45,4,3,Research Director,3,Married,9964,6826,2,Y,Yes,23,3,4,80,2,20,1,4,12,8,0,4
23,Yes,Travel_Rarely,1143,Research & Development,1,3,Other,1,269,4,Male,79,3,1,Healthcare Representative,2,Divorced,4888,26712,8,Y,No,16,4,1,80,3,1,4,3,1,0,1,1
29,Yes,Travel_Frequently,822,Research & Development,6,2,Technical Degree,1,270,4,Female,59,2,2,Manager,2,Married,7393,21229,0,Y,No,18,4,3,80,1,11,3,2,1,0,1,0
27,No,Travel_Rarely,664,Research & Development,1,3,Marketing,1,271,1,Female,54,3,3,Healthcare Representative,2,Divorced,9458,25216,9,Y,No,13,4,3,80,1,8,0,3,3,2,0,2
37,Yes,Travel_Frequently,1000,Research & Development,12,1,Technical Degree,1,272,2,Male,87,4,2,Healthcare Representative,1,Married,7785,20393,0,Y,No,16,3,4,80,2,13,4,3,1,0,1,0
42,No,Travel_Frequently,232,Sales,3,3,Other,1,273,4,Female,98,3,3,Sales Representative,4,Married,8376,14756,3,Y,No,18,3,3,80,3,20,2,3,2,0,0,2
27,Yes,Travel_Rarely,328,Sales,7,1,Medical,1,274,1,Female,46,3,2,Sales Executive,3,Single,7069,19672,6,Y,No,18,3,1,80,0,9,3,3,1,0,0,1
54,No,Travel_Rarely,691,Research & Development,11,3,Marketing,1,275,3,Female,88,3,3,Laboratory Technician,4,Married,10476,13457,4,Y,Yes,17,3,4,80,1,33,3,3,4,1,3,2
37,No,Non-Travel,317,Sales,1,3,Technical Degree,1,276,4,Female,94,2,3,Sales Representative,4,Married,11132,12776,6,Y,No,18,3,3,80,3,19,2,3,1,1,1,0
37,No,Travel_Rarely,432,Research & Development,5,3,Other,1,277,1,Female,51,3,3,Manager,3,Married,11438,2685,9,Y,No,12,3,4,80,1,16,2,3,3,2,0,3
47,No,Travel_Rarely,515,Research & Development,1,3,Life Sciences,1,278,4,Male,61,1,4,Manager,3,Married,14589,14370,3,Y,No,14,3,2,80,3,29,0,1,15,11,2,7
18,Yes,Travel_Rarely,1441,Research & Development,2,4,Other,1,279,3,Male,70,3,1,Laboratory Technician,3,Married,3652,2486,6,Y,No,14,4,2,80,3,0,1,2,0,0,0,0
52,No,Travel_Rarely,753,Research & Development,2,3,Life Sciences,1,280,4,Female,91,3,3,Manufacturing Director,3,Married,10372,4306,5,Y,Yes,11,4,4,80,3,33,3,3,8,6,4,6
21,No,Travel_Rarely,775,Research & Development,8,4,Life Sciences,1,281,1,Female,47,3,1,Manager,2,Single,4107,11207,5,Y,No,21,3,1,80,0,0,4,4,0,0,0,0
39,Yes,Travel_Frequently,289,Sales,3,2,Medical,1,282,4,Male,52,2,4,Sales Executive,1,Married,15620,21513,8,Y,Yes,24,3,2,80,1,18,1,3,11,4,3,6
27,No,Travel_Rarely,1089,Research & Development,4,3,Other,1,283,1,Female,32,3,1,Laboratory Technician,3,Married,6419,14592,6,Y,No,24,3,3,80,2,5,6,3,5,2,5,3
43,No,Travel_Rarely,866,Research & Development,4,3,Other,1,284,4,Female,79,3,3,Research Director,4,Single,11597,18135,4,Y,No,21,3,2,80,0,19,3,3,5,2,1,1
58,No,Travel_Rarely,1496,Research & Development,5,2,Medical,1,285,3,Female,48,2,4,Research Director,3,Married,13819,10426,3,Y,Yes,20,3,3,80,2,33,0,3,7,0,1,5
39,No,Travel_Rarely,807,Sales,29,1,Technical Degree,1,286,3,Male,48,3,2,Sales Representative,4,Married,6339,10909,3,Y,No,25,4,4,80,3,15,5,2,1,1,1,0
27,Yes,Travel_Rarely,939,Sales,10,3,Life Sciences,1,287,3,Female,86,3,1,Sales Executive,2,Divorced,3910,22634,9,Y,Yes,12,3,2,80,2,3,0,3,1,1,1,0
34,No,Travel_Rarely,1339,Research & Development,5,3,Life Sciences,1,288,2,Male,84,3,5,Manufacturing Director,3,Married,15547,13122,5,Y,Yes,21,4,4,80,1,16,2,2,0,0,0,0
45,No,Travel_Rarely,1156,Sales,3,3,Human Resources,1,289,4,Male,82,3,3,Sales Representative,4,Divorced,8726,23728,3,Y,No,11,4,2,80,2,27,0,3,4,0,3,1
24,No,Travel_Rarely,1135,Human Resources,5,3,Other,1,290,3,Female,34,3,2,Human Resources,3,Single,7012,6283,7,Y,No,23,3,4,80,0,5,2,3,2,0,2,2
51,No,Travel_Rarely,1475,Human Resources,5,2,Technical Degree,1,291,4,Male,45,2,4,Human Resources,4,Single,12527,23900,2,Y,No,25,4,4,80,0,30,0,2,1,0,1,0
39,No,Travel_Rarely,738,Research & Development,3,4,Human Resources,1,292,4,Female,37,3,2,Research Director,3,Divorced,8647,21429,8,Y,No,14,4,1,80,3,15,3,3,11,4,0,6
33,Yes,Travel_Rarely,354,Sales,8,1,Human Resources,1,293,4,Male,65,3,3,Sales Executive,4,Single,10678,25245,9,Y,Yes,18,3,4,80,0,8,3,1,2,2,2,0
30,No,Travel_Frequently,902,Research & Development,2,4,Medical,1,294,4,Male,39,4,2,Manufacturing Director,3,Divorced,7529,19390,4,Y,No,15,3,2,80,1,12,5,3,12,12,4,8
42,No,Travel_Frequently,976,Research & Development,11,3,Life Sciences,1,295,4,Male,51,2,5,Research Director,3,Married,15649,3939,1,Y,Yes,16,4,3,80,2,22,1,4,4,0,1,3
41,No,Travel_Rarely,854,Research & Development,1,4,Human Resources,1,296,3,Male,31,2,3,Manufacturing Director,4,Married,10918,6026,1,Y,No,12,3,4,80,3,23,3,3,0,0,0,0
24,No,Non-Travel,1102,Research & Development,5,4,Human Resources,1,297,1,Male,38,3,1,Research Director,4,Married,4016,19097,9,Y,No,19,3,1,80,3,4,6,3,3,0,3,1
37,No,Travel_Rarely,610,Sales,1,3,Human Resources,1,298,1,Female,68,4,3,Sales Executive,2,Single,9619,3606,8,Y,No,25,4,4,80,0,18,5,2,0,0,0,0
32,No,Non-Travel,635,Research & Development,29,3,Human Resources,1,299,3,Male,78,3,3,Manufacturing Director,3,Single,10841,23385,2,Y,Yes,17,4,2,80,0,13,0,3,7,3,0,4
49,No,Travel_Rarely,237,Sales,8,2,Human Resources,1,300,1,Male,72,2,5,Sales Executive,3,Divorced,16065,23071,1,Y,No,16,4,1,80,2,26,6,2,5,1,3,1
34,No,Travel_Rarely,808,Research & Development,29,3,Life Sciences,1,301,3,Male,98,4,2,Research Scientist,3,Married,8612,20171,9,Y,No,25,4,4,80,2,15,3,2,1,1,1,0
31,No,Travel_Rarely,570,Sales,1,3,Medical,1,302,4,Female,69,3,3,Manager,4,Married,12470,22922,1,Y,No,15,4,3,80,2,13,6,2,13,6,3,4
35,No,Non-Travel,116,Research & Development,1,1,Medical,1,303,4,Female,84,3,4,Manager,4,Married,13516,25116,8,Y,Yes,22,4,3,80,3,10,1,3,10,6,0,8
50,No,Travel_Rarely,1091,Sales,8,5,Other,1,304,2,Male,67,3,4,Manager,3,Married,12530,10769,3,Y,No,11,4,4,80,1,30,1,3,0,0,0,0
55,Yes,Travel_Frequently,355,Human Resources,1,3,Human Resources,1,305,2,Female,92,3,3,Human Resources,1,Single,10918,2320,2,Y,No,23,4,3,80,0,37,1,2,3,0,2,0
28,No,Travel_Frequently,1464,Research & Development,1,3,Human Resources,1,306,1,Female,64,3,3,Laboratory Technician,3,Single,10080,5986,6,Y,Yes,18,4,2,80,0,8,6,1,1,0,1,1
34,Yes,Travel_Frequently,271,Sales,12,4,Human Resources,1,307,4,Male,84,3,2,Sales Representative,3,Single,9423,10212,9,Y,No,13,3,3,80,0,15,1,1,15,8,4,9
36,Yes,Travel_Rarely,1177,Research & Development,5,3,Medical,1,308,2,Male,69,3,3,Manager,1,Single,9691,25036,3,Y,No,14,4,1,80,0,16,3,2,1,1,1,0
26,Yes,Travel_Rarely,129,Research & Development,2,3,Life Sciences,1,309,1,Female,100,2,2,Manufacturing Director,1,Married,7406,6363,5,Y,Yes,16,4,4,80,3,5,5,3,2,1,0,1
38,No,Travel_Rarely,416,Research & Development,4,4,Marketing,1,310,4,Male,35,3,3,Manager,3,Single,8917,6282,3,Y,No,17,4,2,80,0,19,6,3,0,0,0,0
48,No,Travel_Rarely,1192,Human Resources,11,4,Marketing,1,311,1,Male,95,3,4,Human Resources,3,Single,13055,4551,2,Y,No,18,4,4,80,0,23,4,3,3,0,3,1
38,Yes,Travel_Rarely,1417,Research & Development,2,4,Life Sciences,1,312,1,Female,61,2,3,Laboratory Technician,1,Single,9160,8974,8,Y,Yes,12,3,4,80,0,16,5,4,2,0,0,0
29,Yes,Travel_Frequently,884,Research & Development,2,2,Other,1,313,1,Female,62,3,2,Research Scientist,3,Single,7869,22614,9,Y,Yes,19,3,4,80,0,6,6,4,6,5,2,5
29,No,Travel_Rarely,486,Research & Development,2,4,Technical Degree,1,314,1,Female,38,3,3,Manager,2,Married,11445,6796,1,Y,Yes,17,3,2,80,3,9,3,3,9,6,0,5
57,Yes,Travel_Frequently,795,Research & Development,14,3,Medical,1,315,1,Female,40,4,3,Research Director,3,Single,8753,8723,2,Y,Yes,18,4,1,80,0,33,6,4,0,0,0,0
41,No,Travel_Rarely,332,Research & Development,8,2,Human Resources,1,316,3,Male,92,3,3,Research Scientist,2,Single,9957,7650,1,Y,Yes,14,3,2,80,0,22,2,4,5,4,0,4
29,No,Travel_Rarely,406,Research & Development,1,3,Life Sciences,1,317,2,Male,48,3,1,Research Scientist,2,Divorced,5818,12588,2,Y,Yes,17,4,4,80,3,5,5,3,1,1,1,0
44,No,Travel_Rarely,1110,Sales,11,2,Human Resources,1,318,1,Female,98,3,4,Sales Executive,4,Divorced,13581,19664,3,Y,No,17,3,4,80,2,24,4,3,1,0,1,0
34,Yes,Travel_Rarely,561,Sales,2,1,Medical,1,319,2,Male,37,4,2,Manager,1,Divorced,7566,26571,2,Y,No,12,3,4,80,1,11,3,4,5,0,5,3
35,No,Travel_Rarely,1422,Research & Development,7,3,Other,1,320,4,Male,31,3,5,Research Scientist,4,Married,15746,11490,1,Y,No,13,3,3,80,2,17,5,3,1,0,0,0
51,No,Travel_Frequently,260,Research & Development,10,4,Technical Degree,1,321,2,Female,89,3,4,Research Scientist,3,Single,15453,17737,5,Y,No,21,4,2,80,0,29,6,2,8,5,1,7
34,Yes,Travel_Rarely,1092,Research & Development,1,3,Medical,1,322,2,Female,35,3,3,Healthcare Representative,4,Single,10362,3668,5,Y,No,12,4,2,80,0,16,0,2,1,1,0,1
51,No,Travel_Rarely,293,Human Resources,12,4,Human Resources,1,323,3,Male,59,3,4,Human Resources,4,Divorced,12918,9160,2,Y,Yes,23,3,2,80,2,32,4,2,2,0,2,0
22,Yes,Travel_Frequently,280,Sales,3,3,Technical Degree,1,324,3,Female,93,3,2,Sales Representative,3,Single,7935,5177,7,Y,Yes,16,3,4,80,0,4,2,2,4,2,4,1
40,No,Travel_Rarely,744,Research & Development,13,2,Life Sciences,1,325,3,Female,77,3,5,Research Scientist,4,Married,15830,4829,6,Y,No,19,4,4,80,2,18,2,2,10,7,1,9
57,Yes,Travel_Frequently,323,Research & Development,2,4,Life Sciences,1,326,2,Male,80,2,3,Manager,3,Married,12137,16286,3,Y,No,17,4,3,80,1,37,0,3,13,3,1,8
24,Yes,Travel_Rarely,968,Research & Development,2,1,Other,1,327,4,Male,64,2,1,Manager,4,Single,3313,10353,2,Y,No,12,3,4,80,0,0,0,2,0,0,0,0
36,No,Travel_Rarely,122,Sales,9,2,Technical Degree,1,328,3,Male,55,3,3,Sales Representative,1,Married,11546,4643,9,Y,No,20,3,3,80,3,17,2,3,15,9,1,9
28,Yes,Travel_Rarely,549,Sales,1,3,Other,1,329,3,Male,54,4,1,Manager,4,Single,4506,15862,8,Y,No,23,3,1,80,0,3,4,3,3,0,0,3
30,No,Travel_Rarely,866,Human Resources,1,4,Other,1,330,4,Male,52,4,3,Human Resources,3,Married,9944,20206,9,Y,No,13,4,4,80,2,8,3,3,8,6,2,6
33,Yes,Travel_Rarely,558,Sales,25,4,Marketing,1,331,1,Male,88,2,2,Manager,3,Married,7525,20168,6,Y,No,12,3,3,80,3,14,6,1,11,9,0,4
32,No,Travel_Rarely,1164,Human Resources,15,4,Technical Degree,1,332,3,Female,70,1,3,Human Resources,1,Divorced,11550,13074,2,Y,No,20,4,4,80,2,14,1,1,14,8,4,6
28,Yes,Travel_Frequently,762,Research & Development,7,2,Life Sciences,1,333,3,Female,56,3,3,Healthcare Representative,3,Single,10746,5149,1,Y,Yes,11,4,4,80,0,8,0,4,3,1,1,2
28,Yes,Non-Travel,271,Research & Development,1,3,Human Resources,1,334,4,Male,48,2,1,Manager,4,Single,5731,22653,0,Y,Yes,21,3,4,80,0,3,0,3,3,0,3,2
25,No,Travel_Frequently,1452,Research & Development,1,3,Marketing,1,335,4,Female,34,2,2,Manufacturing Director,3,Married,7503,5934,5,Y,Yes,16,4,3,80,2,4,4,2,3,2,2,2
36,No,Travel_Rarely,1117,Research & Development,1,1,Life Sciences,1,336,2,Male,85,3,2,Manufacturing Director,1,Divorced,9477,18892,6,Y,No,25,3,1,80,2,15,2,3,14,8,0,8
43,No,Travel_Rarely,171,Sales,14,3,Technical Degree,1,337,3,Male,95,3,4,Sales Representative,1,Married,14656,10386,9,Y,No,17,4,2,80,3,22,4,4,21,15,2,13
42,Yes,Travel_Rarely,891,Human Resources,1,4,Marketing,1,338,1,Female,66,3,4,Human Resources,2,Single,12416,21813,3,Y,Yes,19,3,3,80,0,22,0,3,3,0,0,0
23,Yes,Travel_Rarely,138,Sales,9,3,Life Sciences,1,339,1,Female,30,2,1,Manager,3,Single,4586,17225,4,Y,Yes,13,4,3,80,0,0,0,3,0,0,0,0
53,No,Travel_Rarely,312,Research & Development,1,4,Life Sciences,1,340,4,Female,33,3,4,Manager,3,Single,13603,9434,0,Y,Yes,24,3,3,80,0,31,1,4,2,0,1,2
43,Yes,Travel_Rarely,1045,Sales,1,4,Medical,1,341,2,Female,45,2,3,Sales Representative,3,Single,13579,6232,5,Y,No,24,3,4,80,0,25,6,2,19,12,6,10
21,Yes,Travel_Rarely,261,Sales,6,2,Technical Degree,1,342,1,Female,39,3,1,Manager,3,Single,3731,18301,0,Y,Yes,14,3,4,80,0,0,5,3,0,0,0,0
40,No,Travel_Rarely,731,Research & Development,8,3,Marketing,1,343,4,Female,43,2,3,Research Scientist,3,Married,10551,6920,7,Y,No,25,3,4,80,2,18,5,2,8,8,3,4
38,No,Travel_Rarely,1186,Research & Development,6,3,Life Sciences,1,344,3,Male,93,3,3,Manufacturing Director,4,Married,10772,19088,6,Y,No,12,3,3,80,1,19,5,3,3,2,0,0
36,No,Travel_Rarely,1376,Research & Development,1,1,Human Resources,1,345,3,Male,91,2,2,Research Scientist,4,Divorced,5822,26312,4,Y,Yes,24,3,2,80,2,12,1,1,3,2,0,1
35,No,Non-Travel,569,Research & Development,9,3,Medical,1,346,3,Male,97,3,2,Healthcare Representative,2,Married,10087,18581,2,Y,No,23,3,1,80,1,15,6,3,15,9,6,9
43,No,Travel_Frequently,553,Sales,29,2,Technical Degree,1,347,3,Female,48,2,5,Sales Representative,2,Divorced,16866,13798,7,Y,No,11,3,3,80,3,21,4,3,3,2,0,0
35,No,Travel_Rarely,1033,Research & Development,27,3,Life Sciences,1,348,2,Female,74,3,2,Manager,1,Married,9865,11544,1,Y,No,11,4,3,80,2,10,5,3,10,0,6,7
45,No,Travel_Rarely,1250,Research & Development,1,3,Human Resources,1,349,4,Male,49,3,3,Manufacturing Director,1,Married,10949,4912,4,Y,No,13,3,1,80,3,23,3,3,0,0,0,0
33,Yes,Travel_Rarely,1262,Research & Development,10,3,Marketing,1,350,3,Female,89,2,2,Healthcare Representative,1,Divorced,8497,19979,2,Y,No,17,4,1,80,1,14,0,3,14,7,7,6
43,Yes,Travel_Rarely,906,Research & Development,3,3,Other,1,351,2,Female,46,3,4,Manager,3,Single,12479,15297,0,Y,No,18,4,1,80,0,18,6,3,0,0,0,0
39,No,Travel_Rarely,738,Sales,1,2,Life Sciences,1,352,4,Female,30,3,4,Manager,3,Married,13774,17985,9,Y,No,22,3,2,80,3,16,0,3,13,8,0,5
41,No,Travel_Rarely,1448,Sales,1,1,Life Sciences,1,353,3,Female,60,3,5,Manager,4,Married,16786,7689,8,Y,No,22,3,3,80,3,17,3,3,0,0,0,0
29,No,Travel_Rarely,1060,Research & Development,2,3,Technical Degree,1,354,3,Male,88,4,2,Research Director,4,Single,7614,11167,0,Y,Yes,13,4,3,80,0,4,4,1,3,2,1,3
43,No,Travel_Rarely,1140,Research & Development,1,3,Human Resources,1,355,4,Female,97,2,4,Manager,3,Single,14260,10588,2,Y,No,22,4,4,80,0,20,4,3,4,0,4,4
44,Yes,Travel_Rarely,1355,Research & Development,17,2,Life Sciences,1,356,4,Male,62,3,4,Healthcare Representative,1,Divorced,13699,5845,0,Y,No,24,3,4,80,1,25,3,3,4,1,3,1
37,Yes,Travel_Rarely,112,Sales,5,2,Marketing,1,357,1,Male,76,1,3,Sales Executive,1,Divorced,10662,15464,9,Y,No,19,3,4,80,1,16,2,2,2,0,1,0
42,No,Travel_Rarely,779,Sales,16,3,Human Resources,1,358,1,Female,32,2,4,Manager,4,Divorced,11914,9434,4,Y,No,25,4,2,80,3,19,3,2,3,3,3,3
35,No,Travel_Rarely,777,Sales,2,3,Life Sciences,1,359,2,Female,37,2,4,Sales Representative,2,Married,12755,9814,7,Y,No,12,3,2,80,1,11,2,3,6,2,2,5
59,No,Travel_Frequently,139,Research & Development,5,2,Life Sciences,1,360,4,Male,100,3,3,Research Director,1,Divorced,9211,17893,0,Y,No,17,4,4,80,1,40,5,2,0,0,0,0
46,Yes,Travel_Rarely,361,Research & Development,8,4,Technical Degree,1,361,3,Female,86,3,3,Research Scientist,4,Married,10490,8011,4,Y,No,11,4,1,80,3,25,2,3,2,2,2,1
21,Yes,Travel_Rarely,649,Human Resources,5,2,Medical,1,362,3,Male,70,3,1,Human Resources,2,Divorced,4581,24958,8,Y,No,19,3,2,80,1,2,0,3,2,0,2,0
31,No,Travel_Rarely,717,Human Resources,2,2,Technical Degree,1,363,4,Male,40,2,2,Human Resources,4,Married,9238,4050,4,Y,No,24,4,1,80,3,9,3,3,9,7,0,2
45,No,Travel_Rarely,218,Research & Development,9,3,Medical,1,364,2,Female,43,3,5,Laboratory Technician,1,Divorced,16278,20224,6,Y,No,22,4,4,80,3,27,6,3,5,3,1,5
48,Yes,Travel_Frequently,1347,Research & Development,2,5,Human Resources,1,365,3,Female,31,2,3,Manager,1,Married,8030,6167,4,Y,Yes,20,4,2,80,2,27,6,2,0,0,0,0
36,Yes,Travel_Rarely,1367,Research & Development,29,3,Life Sciences,1,366,4,Male,36,3,2,Healthcare Representative,2,Single,8183,9718,1,Y,Yes,21,3,4,80,0,12,1,2,0,0,0,0
29,Yes,Travel_Frequently,1496,Research & Development,1,4,Human Resources,1,367,3,Female,83,3,1,Research Scientist,1,Single,3490,4433,6,Y,Yes,25,4,1,80,0,7,1,2,0,0,0,0
49,Yes,Travel_Rarely,1295,Research & Development,25,2,Other,1,368,4,Male,34,4,3,Healthcare Representative,4,Single,11125,23624,2,Y,Yes,17,3,4,80,0,29,0,3,3,2,1,3
60,No,Travel_Rarely,941,Research & Development,4,4,Other,1,369,2,Male,76,3,4,Research Director,2,Married,14021,4705,5,Y,No,19,3,4,80,2,35,2,3,7,2,2,3
29,No,Travel_Rarely,133,Research & Development,15,2,Medical,1,370,4,Male,51,3,1,Healthcare Representative,3,Married,4022,6052,6,Y,Yes,15,4,3,80,3,5,5,3,5,0,3,0
51,No,Travel_Rarely,939,Sales,1,3,Other,1,371,3,Female,87,4,3,Sales Executive,1,Divorced,9817,26365,6,Y,No,15,4,4,80,3,27,5,2,3,3,1,0
40,No,Travel_Rarely,754,Sales,1,3,Life Sciences,1,372,3,Female,52,3,4,Manager,4,Married,12302,6786,0,Y,Yes,24,3,3,80,1,16,3,3,2,2,0,0
25,Yes,Travel_Rarely,1207,Research & Development,1,2,Marketing,1,373,1,Female,98,3,2,Research Scientist,3,Married,6394,8488,0,Y,No,18,3,3,80,1,4,2,2,4,2,1,4
43,No,Travel_Rarely,667,Research & Development,16,2,Technical Degree,1,374,2,Male,88,3,5,Manager,1,Single,17574,22758,8,Y,No,21,3,4,80,0,24,5,3,4,4,1,1
29,No,Travel_Frequently,540,Research & Development,3,4,Other,1,375,4,Male,30,4,2,Research Scientist,2,Married,6813,16325,1,Y,No,18,3,2,80,1,11,5,3,1,0,1,1
41,No,Travel_Rarely,768,Research & Development,9,3,Other,1,376,1,Male,61,2,4,Healthcare Representative,1,Married,13331,23800,6,Y,No,12,3,4,80,2,19,3,3,12,9,6,5
49,No,Travel_Rarely,651,Research & Development,19,4,Other,1,377,2,Female,92,3,5,Healthcare Representative,2,Married,17013,25955,3,Y,No,16,3,2,80,2,25,2,3,8,4,0,4
30,No,Travel_Frequently,912,Sales,1,5,Medical,1,378,1,Female,59,4,2,Manager,1,Divorced,6401,11602,2,Y,No,25,4,2,80,3,10,2,3,6,4,0,2
27,No,Travel_Frequently,275,Research & Development,12,3,Life Sciences,1,379,4,Female,39,3,1,Research Scientist,4,Single,4471,4515,8,Y,No,22,4,2,80,0,2,0,3,0,0,0,0
53,No,Travel_Frequently,1194,Research & Development,14,2,Life Sciences,1,380,2,Female,94,3,3,Laboratory Technician,1,Married,11099,10109,6,Y,No,11,4,4,80,2,30,5,3,3,2,3,0
30,No,Travel_Rarely,1071,Research & Development,29,3,Technical Degree,1,381,1,Male,96,2,2,Research Scientist,4,Single,6897,25786,9,Y,No,23,3,3,80,0,5,0,2,3,2,2,0
37,No,Travel_Rarely,260,Research & Development,10,3,Medical,1,382,3,Male,78,4,2,Manufacturing Director,3,Married,7094,6264,0,Y,No,13,3,4,80,3,15,1,3,8,3,4,5
42,No,Travel_Rarely,862,Research & Development,14,3,Technical Degree,1,383,3,Female,96,3,5,Healthcare Representative,1,Married,15465,21902,4,Y,Yes,18,4,2,80,2,18,1,3,0,0,0,0
56,No,Travel_Rarely,808,Sales,15,1,Medical,1,384,1,Female,31,3,3,Sales Executive,3,Married,9920,8406,4,Y,No,15,4,3,80,2,36,4,2,1,0,0,1
35,No,Travel_Rarely,1071,Sales,9,1,Human Resources,1,385,3,Male,56,3,4,Sales Representative,4,Married,14150,7602,0,Y,No,23,3,3,80,2,16,1,4,9,3,0,4
50,Yes,Travel_Frequently,1341,Research & Development,3,4,Technical Degree,1,386,4,Male,57,3,4,Laboratory Technician,4,Married,12687,7537,4,Y,Yes,22,3,2,80,2,30,6,3,5,4,1,1
27,No,Travel_Rarely,113,Sales,20,3,Other,1,387,3,Male,69,3,2,Sales Representative,1,Divorced,7449,12856,1,Y,No,25,4,4,80,1,9,2,1,9,6,5,5
35,No,Travel_Rarely,1357,Research & Development,4,5,Marketing,1,388,1,Female,49,2,4,Manager,4,Married,11990,25216,2,Y,No,24,3,3,80,2,13,0,3,6,3,6,5
21,No,Travel_Rarely,235,Research & Development,1,3,Other,1,389,4,Male,54,3,1,Manager,3,Divorced,3532,18527,2,Y,Yes,22,4,4,80,3,3,0,3,2,2,2,2
38,Yes,Travel_Rarely,448,Research & Development,9,4,Human Resources,1,390,4,Male,31,3,4,Manager,1,Married,13810,9221,5,Y,No,18,3,1,80,1,16,5,3,2,1,1,0
44,No,Travel_Frequently,1022,Sales,1,1,Other,1,391,4,Female,51,3,3,Sales Executive,2,Divorced,10921,3297,9,Y,Yes,17,3,3,80,2,24,4,3,2,0,2,0
18,Yes,Travel_Frequently,171,Research & Development,2,4,Other,1,392,1,Female,71,3,1,Manager,1,Married,4909,25073,1,Y,No,21,4,3,80,3,0,6,3,0,0,0,0
41,No,Non-Travel,581,Research & Development,1,3,Other,1,393,4,Male,94,3,4,Manufacturing Director,2,Married,13714,5628,6,Y,No,17,4,2,80,2,16,4,3,5,2,4,0
35,Yes,Non-Travel,585,Research & Development,25,2,Human Resources,1,394,1,Male,56,2,3,Manufacturing Director,1,Married,10855,16398,1,Y,Yes,22,3,1,80,2,15,1,3,7,4,4,4
29,Yes,Travel_Rarely,1195,Research & Development,5,3,Medical,1,395,3,Male,39,3,1,Healthcare Representative,2,Married,3473,13460,7,Y,Yes,21,3,2,80,1,4,1,3,4,0,4,1
41,No,Travel_Rarely,469,Research & Development,1,3,Marketing,1,396,1,Female,50,2,4,Manufacturing Director,2,Married,14049,15142,8,Y,No,24,3,3,80,2,22,3,3,7,3,0,4
39,No,Travel_Frequently,1197,Sales,1,3,Technical Degree,1,397,3,Female,76,3,2,Manager,4,Married,6364,5753,2,Y,No,17,4,3,80,1,14,6,3,0,0,0,0
34,Yes,Travel_Rarely,956,Research & Development,6,3,Human Resources,1,398,3,Female,32,2,2,Manager,3,Married,7741,16733,5,Y,No,15,3,4,80,2,10,4,1,0,0,0,0
48,No,Travel_Rarely,1408,Research & Development,6,2,Medical,1,399,4,Male,42,1,3,Healthcare Representative,3,Divorced,10044,14608,8,Y,No,22,3,1,80,3,23,2,3,3,3,0,3
50,No,Non-Travel,482,Research & Development,2,3,Medical,1,400,4,Male,65,3,4,Research Scientist,2,Divorced,14339,18529,0,Y,No,20,4,3,80,3,26,1,3,23,12,4,6
33,No,Travel_Rarely,756,Research & Development,2,3,Technical Degree,1,401,3,Female,74,3,2,Research Scientist,3,Divorced,7478,16655,2,Y,No,18,4,3,80,3,14,1,3,1,0,0,0
31,Yes,Travel_Rarely,683,Research & Development,7,1,Life Sciences,1,402,3,Female,92,4,3,Healthcare Representative,1,Married,9774,9785,6,Y,No,25,3,2,80,1,8,3,3,0,0,0,0
23,Yes,Non-Travel,905,Research & Development,7,2,Medical,1,403,1,Male,58,3,1,Laboratory Technician,4,Married,5983,15331,7,Y,Yes,23,4,4,80,3,0,2,3,0,0,0,0
41,Yes,Travel_Rarely,148,Sales,6,3,Technical Degree,1,404,2,Female,71,3,4,Sales Executive,3,Single,13258,22076,3,Y,Yes,13,4,3,80,0,21,5,2,8,2,0,2
44,No,Travel_Rarely,464,Sales,17,4,Technical Degree,1,405,4,Male,89,3,5,Manager,2,Single,17537,18485,1,Y,No,23,4,3,80,0,19,6,2,3,2,3,3
41,No,Travel_Frequently,183,Research & Development,10,3,Life Sciences,1,406,4,Female,76,3,3,Research Scientist,3,Married,11166,15182,8,Y,No,21,4,4,80,3,17,3,1,0,0,0,0
37,No,Travel_Frequently,665,Sales,4,3,Life Sciences,1,407,4,Male,34,3,3,Manager,2,Married,11877,6682,2,Y,No,19,4,3,80,1,16,0,3,11,5,0,8
38,No,Non-Travel,1143,Research & Development,1,3,Marketing,1,408,2,Female,96,1,3,Manufacturing Director,4,Single,10345,15392,7,Y,No,20,3,3,80,0,13,2,2,7,6,0,4
29,Yes,Travel_Rarely,1409,Research & Development,23,3,Marketing,1,409,3,Female,31,3,2,Research Director,4,Single,7324,26547,8,Y,Yes,25,3,1,80,0,9,5,2,4,0,1,1
40,No,Travel_Rarely,491,Research & Development,2,5,Marketing,1,410,3,Male,38,3,3,Research Scientist,3,Divorced,11808,6437,8,Y,No,15,3,1,80,1,22,1,3,4,4,2,2
38,No,Travel_Rarely,1308,Research & Development,13,3,Life Sciences,1,411,1,Male,88,3,4,Healthcare Representative,3,Single,13235,2110,4,Y,No,23,4,4,80,0,17,4,3,4,4,1,1
35,No,Travel_Rarely,295,Research & Development,9,2,Human Resources,1,412,4,Male,86,3,4,Healthcare Representative,3,Married,13743,13314,8,Y,No,24,3,3,80,2,12,1,2,2,2,2,0
39,No,Travel_Rarely,570,Research & Development,6,1,Marketing,1,413,2,Female,63,3,4,Research Director,3,Married,14435,17559,4,Y,No,16,3,3,80,1,18,2,3,5,0,0,4
32,Yes,Travel_Rarely,1244,Sales,4,3,Marketing,1,414,3,Female,55,3,3,Sales Representative,2,Married,9537,9138,9,Y,Yes,19,4,4,80,1,14,6,1,14,10,1,9
36,Yes,Non-Travel,253,Research & Development,8,4,Technical Degree,1,415,3,Male,71,2,3,Manager,2,Single,10912,26094,6,Y,No,24,3,2,80,0,12,6,4,8,5,7,2
41,No,Travel_Rarely,784,Research & Development,7,4,Technical Degree,1,416,4,Female,55,3,4,Research Scientist,3,Divorced,12054,24299,4,Y,No,15,3,4,80,2,19,1,2,8,6,0,4
43,Yes,Travel_Frequently,426,Research & Development,1,5,Life Sciences,1,417,2,Female,95,3,3,Healthcare Representative,1,Single,10093,4968,9,Y,No,25,4,1,80,0,25,4,2,5,4,5,5
33,Yes,Travel_Frequently,410,Research & Development,5,4,Technical Degree,1,418,3,Male,63,1,3,Manager,2,Married,10727,9397,9,Y,No,21,4,3,80,1,10,4,3,0,0,0,0
23,Yes,Travel_Frequently,436,Sales,11,3,Marketing,1,419,2,Male,84,3,1,Manager,1,Married,4598,10976,3,Y,No,25,3,4,80,3,3,6,4,1,1,0,1
33,Yes,Travel_Frequently,1340,Sales,4,3,Life Sciences,1,420,4,Male,75,2,2,Sales Representative,4,Divorced,8402,26659,5,Y,Yes,17,3,1,80,3,9,1,3,0,0,0,0
53,No,Travel_Rarely,664,Research & Development,5,1,Human Resources,1,421,4,Female,71,3,3,Manufacturing Director,1,Married,13069,3580,2,Y,No,24,3,3,80,1,29,1,3,22,12,0,10
32,Yes,Travel_Frequently,1382,Research & Development,1,4,Technical Degree,1,422,1,Female,77,3,2,Manager,4,Divorced,8060,10783,9,Y,Yes,16,3,1,80,3,9,6,2,6,3,5,2
39,No,Non-Travel,1063,Research & Development,1,3,Medical,1,423,4,Male,62,3,3,Manager,3,Married,10722,6294,5,Y,No,21,4,1,80,2,19,4,3,0,0,0,0
34,Yes,Travel_Rarely,648,Research & Development,6,4,Medical,1,424,4,Male,46,3,3,Research Director,2,Single,10102,12840,6,Y,Yes,16,3,4,80,0,13,4,3,7,3,4,3
35,No,Travel_Rarely,1002,Sales,1,2,Other,1,425,4,Male,45,3,4,Sales Representative,4,Single,14214,26504,4,Y,No,21,4,3,80,0,17,2,4,12,3,0,6
42,No,Travel_Rarely,271,Research & Development,1,4,Human Resources,1,426,3,Female,94,3,3,Healthcare Representative,2,Divorced,11259,8077,6,Y,No,24,3,4,80,1,23,1,3,10,5,1,7
40,No,Travel_Rarely,516,Research & Development,8,2,Other,1,427,2,Male,65,4,3,Manager,4,Married,10491,3696,6,Y,No,15,4,4,80,3,17,4,3,5,1,3,3
55,Yes,Non-Travel,565,Research & Development,1,2,Other,1,428,3,Female,65,2,4,Laboratory Technician,1,Divorced,14669,6695,6,Y,Yes,12,3,3,80,1,34,1,3,17,9,2,10
24,No,Travel_Rarely,625,Sales,3,1,Other,1,429,4,Female,44,4,1,Sales Executive,4,Single,5591,22636,7,Y,No,17,3,2,80,0,3,5,2,3,2,1,3
31,No,Travel_Rarely,616,Sales,29,3,Human Resources,1,430,4,Female,75,3,2,Sales Executive,4,Divorced,6541,4816,0,Y,No,12,4,4,80,2,10,1,3,10,2,3,8
31,Yes,Non-Travel,813,Research & Development,15,3,Life Sciences,1,431,2,Female,86,3,1,Manufacturing Director,3,Divorced,3324,17191,9,Y,Yes,24,3,4,80,1,7,3,3,0,0,0,0
41,No,Travel_Rarely,640,Sales,1,3,Life Sciences,1,432,4,Female,50,3,5,Manager,2,Married,15896,8954,8,Y,No,23,4,3,80,2,22,5,1,2,0,1,2
30,No,Travel_Rarely,428,Sales,8,4,Life Sciences,1,433,3,Male,51,3,1,Sales Representative,2,Single,4015,12670,0,Y,No,12,3,3,80,0,7,4,3,7,5,0,3
32,No,Travel_Rarely,1358,Research & Development,4,4,Human Resources,1,434,1,Male,40,3,2,Manufacturing Director,2,Married,6530,12705,3,Y,No,18,3,4,80,2,13,1,3,0,0,0,0
24,Yes,Travel_Frequently,1386,Research & Development,29,2,Medical,1,435,3,Male,79,3,1,Healthcare Representative,3,Married,4346,26564,4,Y,Yes,22,4,3,80,2,0,6,3,0,0,0,0
39,No,Travel_Rarely,560,Research & Development,1,4,Marketing,1,436,4,Female,89,3,5,Laboratory Technician,3,Married,17839,10912,9,Y,No,24,3,4,80,1,18,3,3,11,4,2,9
29,No,Travel_Rarely,1457,Research & Development,7,1,Life Sciences,1,437,1,Female,87,2,2,Laboratory Technician,3,Divorced,7312,12246,8,Y,No,22,4,3,80,3,4,2,3,4,0,0,1
38,Yes,Travel_Frequently,1115,Research & Development,29,3,Medical,1,438,2,Male,45,3,4,Healthcare Representative,4,Married,15164,12966,1,Y,No,12,4,4,80,3,20,4,4,8,8,1,8
32,Yes,Travel_Rarely,1242,Sales,16,2,Other,1,439,3,Female,37,1,2,Sales Representative,2,Married,7568,24465,5,Y,Yes,12,3,4,80,3,9,0,3,1,0,1,0
47,No,Travel_Rarely,1013,Research & Development,21,3,Marketing,1,440,2,Male,33,3,3,Healthcare Representative,1,Divorced,10530,22478,0,Y,No,25,3,3,80,3,27,6,3,1,0,1,1
56,No,Travel_Rarely,929,Research & Development,1,1,Medical,1,441,3,Male,35,4,4,Manager,1,Married,16319,13835,0,Y,No,25,4,2,80,1,36,6,2,36,19,7,24
44,No,Travel_Frequently,690,Sales,1,3,Life Sciences,1,442,1,Female,37,2,4,Manager,1,Married,12276,19380,0,Y,No,14,3,3,80,2,23,2,3,2,0,0,1
48,No,Travel_Rarely,555,Research & Development,1,1,Other,1,443,3,Female,70,3,5,Laboratory Technician,3,Married,16103,4484,3,Y,No,18,3,1,80,1,24,4,2,1,0,1,1
35,No,Travel_Rarely,521,Sales,3,4,Other,1,444,3,Female,64,3,2,Sales Executive,4,Single,10000,15502,0,Y,Yes,17,4,3,80,0,15,3,3,15,8,5,5
33,No,Travel_Rarely,1200,Sales,8,3,Marketing,1,445,2,Female,66,4,4,Sales Representative,4,Single,13238,11423,9,Y,No,15,3,2,80,0,13,6,3,7,7,0,3
49,No,Travel_Frequently,1133,Sales,2,3,Human Resources,1,446,3,Male,54,3,3,Sales Executive,2,Single,10567,8989,5,Y,No,11,3,4,80,0,24,1,3,4,4,0,4
24,No,Travel_Rarely,752,Sales,9,3,Technical Degree,1,447,3,Male,37,2,1,Sales Representative,4,Single,4021,5743,1,Y,No,17,3,3,80,0,2,4,2,2,2,0,0
34,No,Non-Travel,1022,Research & Development,10,1,Medical,1,448,3,Male,60,2,4,Research Scientist,4,Single,14409,24470,7,Y,No,20,4,4,80,0,16,2,3,11,3,4,7
49,No,Travel_Rarely,933,Research & Development,4,2,Technical Degree,1,449,4,Male,83,3,5,Laboratory Technician,4,Married,18621,15782,7,Y,Yes,22,4,4,80,3,25,3,2,25,14,6,13
46,No,Travel_Rarely,1379,Research & Development,6,2,Technical Degree,1,450,3,Male,82,3,4,Manager,2,Divorced,14357,3761,3,Y,No,14,4,1,80,2,25,4,2,20,11,3,11
47,No,Non-Travel,1356,Sales,1,2,Medical,1,451,2,Male,97,3,4,Sales Representative,2,Single,14562,26188,0,Y,No,21,3,4,80,0,25,6,3,25,13,3,14
38,Yes,Travel_Frequently,952,Sales,3,4,Marketing,1,452,4,Male,45,4,3,Sales Executive,2,Married,12510,19536,9,Y,No,17,3,1,80,2,18,4,3,18,10,1,12
27,No,Travel_Frequently,1109,Human Resources,2,2,Other,1,453,3,Male,74,2,1,Human Resources,4,Married,3681,13227,1,Y,No,25,4,4,80,3,2,0,3,0,0,0,0
42,No,Non-Travel,150,Sales,14,3,Life Sciences,1,454,4,Female,92,4,4,Sales Executive,2,Divorced,14202,12532,2,Y,Yes,11,3,2,80,2,20,5,3,8,7,8,6
33,No,Travel_Frequently,971,Research & Development,12,3,Marketing,1,455,3,Male,82,3,3,Research Scientist,1,Married,10347,25270,5,Y,Yes,13,4,3,80,2,10,5,3,5,5,0,5
36,No,Non-Travel,1366,Research & Development,1,3,Technical Degree,1,456,4,Female,39,3,3,Research Scientist,4,Married,9304,7213,9,Y,Yes,21,4,1,80,1,17,5,1,0,0,0,0
48,Yes,Travel_Rarely,483,Research & Development,2,4,Life Sciences,1,457,2,Male,90,4,3,Research Scientist,3,Single,9934,11533,9,Y,Yes,24,3,3,80,0,28,3,2,0,0,0,0
37,No,Travel_Rarely,116,Research & Development,7,5,Marketing,1,458,3,Male,62,3,3,Laboratory Technician,3,Single,9445,11316,2,Y,No,12,3,2,80,0,18,0,2,1,0,1,0
18,Yes,Travel_Rarely,1103,Research & Development,20,3,Life Sciences,1,459,2,Male,70,3,1,Healthcare Representative,4,Single,5224,19982,3,Y,No,14,3,3,80,0,0,0,3,0,0,0,0
33,No,Travel_Rarely,135,Sales,20,3,Technical Degree,1,460,3,Male,80,4,4,Sales Representative,4,Married,13596,17569,2,Y,No,15,4,4,80,1,9,1,2,3,0,0,2
45,No,Travel_Rarely,732,Research & Development,5,4,Marketing,1,461,3,Female,50,2,5,Research Director,1,Married,17845,13188,4,Y,Yes,21,4,3,80,2,21,4,3,20,12,0,11
40,No,Travel_Frequently,500,Research & Development,17,3,Marketing,1,462,4,Female,46,3,4,Manager,4,Divorced,14623,12639,9,Y,No,25,3,4,80,3,21,5,3,0,0,0,0
31,No,Travel_Rarely,222,Sales,1,3,Human Resources,1,463,1,Male,90,3,2,Sales Representative,2,Divorced,8394,10174,3,Y,No,21,3,2,80,2,7,2,3,7,3,2,5
29,Yes,Travel_Rarely,708,Research & Development,3,4,Marketing,1,464,2,Male,33,2,3,Manufacturing Director,2,Divorced,11752,3038,6,Y,Yes,12,4,3,80,2,8,3,3,8,6,2,6
41,No,Travel_Rarely,1389,Research & Development,5,3,Human Resources,1,465,4,Female,85,3,3,Healthcare Representative,3,Single,10277,23272,5,Y,No,17,3,2,80,0,16,2,3,2,0,2,0
25,Yes,Travel_Frequently,1218,Research & Development,1,3,Human Resources,1,466,4,Male,37,3,1,Manufacturing Director,4,Single,5092,19286,6,Y,No,21,4,2,80,0,0,5,3,0,0,0,0
46,Yes,Travel_Rarely,1474,Sales,21,2,Medical,1,467,2,Male,80,3,3,Sales Representative,1,Single,11238,2724,8,Y,Yes,23,4,4,80,0,28,3,3,7,7,2,7
51,No,Travel_Rarely,514,Research & Development,1,2,Life Sciences,1,468,1,Female,62,3,5,Research Scientist,3,Single,15213,13054,3,Y,No,16,4,3,80,0,33,3,2,3,2,0,3
42,No,Travel_Rarely,572,Research & Development,13,2,Other,1,469,3,Male,62,3,4,Research Director,2,Single,12838,9198,8,Y,No,11,4,3,80,0,24,0,3,3,2,0,2
38,Yes,Travel_Rarely,1013,Research & Development,3,5,Other,1,470,1,Male,78,2,4,Healthcare Representative,1,Single,12040,25973,9,Y,Yes,13,3,1,80,0,13,0,1,4,3,2,3
28,No,Travel_Frequently,459,Human Resources,1,3,Other,1,471,1,Male,31,3,2,Human Resources,3,Divorced,8411,5783,1,Y,No,22,3,4,80,1,6,3,3,6,5,6,2
45,No,Travel_Rarely,517,Research & Development,5,4,Life Sciences,1,472,4,Male,64,3,5,Manufacturing Director,3,Divorced,15675,2893,4,Y,No,24,3,4,80,3,24,1,3,0,0,0,0
30,Yes,Travel_Frequently,458,Human Resources,16,3,Life Sciences,1,473,3,Female,81,3,2,Human Resources,2,Married,8395,14287,7,Y,No,16,4,3,80,2,9,1,2,8,1,4,4
42,No,Travel_Rarely,523,Research & Development,5,3,Technical Degree,1,474,1,Male,80,3,4,Research Director,2,Married,15163,4772,6,Y,No,25,3,3,80,3,19,4,3,18,7,3,7
26,Yes,Travel_Rarely,1031,Research & Development,1,2,Human Resources,1,475,2,Female,49,2,1,Manufacturing Director,2,Married,3334,24833,3,Y,No,22,3,3,80,2,1,6,3,0,0,0,0
52,No,Non-Travel,716,Research & Development,2,3,Other,1,476,2,Male,73,3,3,Research Scientist,4,Married,12488,14799,5,Y,No,14,4,3,80,1,33,3,3,21,11,0,13
21,Yes,Travel_Rarely,1100,Research & Development,29,3,Life Sciences,1,477,3,Female,41,1,1,Research Director,2,Married,3262,17654,4,Y,No,19,3,4,80,3,3,0,3,2,0,1,2
37,No,Travel_Rarely,1259,Research & Development,3,3,Technical Degree,1,478,4,Female,79,3,4,Research Scientist,4,Married,12099,19646,0,Y,Yes,15,3,4,80,3,19,5,3,2,2,2,0
31,No,Travel_Rarely,339,Research & Development,3,1,Life Sciences,1,479,2,Male,42,3,3,Laboratory Technician,2,Married,10069,7482,2,Y,No,13,3,4,80,1,12,3,3,1,0,1,1
20,Yes,Travel_Frequently,433,Research & Development,4,3,Human Resources,1,480,2,Female,41,3,1,Manager,3,Divorced,4015,20785,2,Y,Yes,21,3,4,80,3,0,3,4,0,0,0,0
30,Yes,Non-Travel,601,Research & Development,9,3,Life Sciences,1,481,3,Male,91,3,2,Healthcare Representative,2,Divorced,8143,9091,3,Y,Yes,21,4,3,80,1,12,3,3,1,0,0,1
32,No,Travel_Rarely,910,Research & Development,14,2,Other,1,482,2,Male,33,3,2,Manager,2,Married,8341,8405,5,Y,Yes,17,4,2,80,3,12,4,1,12,7,0,0
40,Yes,Non-Travel,801,Sales,6,3,Human Resources,1,483,4,Male,68,3,3,Sales Representative,1,Single,9777,19634,9,Y,Yes,16,4,3,80,0,19,6,3,6,2,1,3
47,Yes,Travel_Rarely,493,Research & Development,23,3,Human Resources,1,484,4,Male,74,3,4,Manager,3,Married,12787,12132,3,Y,Yes,24,4,2,80,2,22,4,4,2,0,2,2
33,No,Travel_Rarely,476,Research & Development,8,4,Other,1,485,4,Female,93,3,3,Manager,4,Single,10673,14381,3,Y,No,17,4,3,80,0,12,5,2,8,3,1,2
35,No,Travel_Rarely,1077,Research & Development,2,5,Marketing,1,486,3,Female,85,4,5,Laboratory Technician,1,Divorced,16434,14771,5,Y,No,12,3,1,80,3,17,1,3,0,0,0,0
47,No,Travel_Frequently,1270,Human Resources,2,3,Life Sciences,1,487,2,Female,64,2,5,Human Resources,3,Single,16200,20202,5,Y,No,24,3,2,80,0,27,1,3,10,8,7,4
48,No,Travel_Rarely,1015,Sales,8,4,Technical Degree,1,488,2,Male,57,3,3,Sales Executive,1,Divorced,12036,9702,1,Y,No,24,3,3,80,1,26,3,3,11,6,0,6
34,No,Travel_Frequently,526,Sales,1,4,Human Resources,1,489,2,Male,57,3,2,Sales Representative,4,Married,7716,12390,5,Y,No,17,4,3,80,1,9,1,3,4,0,4,1
32,No,Travel_Rarely,447,Research & Development,7,3,Life Sciences,1,490,1,Male,58,4,1,Healthcare Representative,2,Married,4811,21279,8,Y,No,20,3,2,80,2,7,6,3,7,0,0,2
45,No,Travel_Rarely,462,Research & Development,1,3,Life Sciences,1,491,3,Male,66,3,5,Laboratory Technician,1,Divorced,15693,20048,7,Y,Yes,17,3,1,80,1,23,1,3,0,0,0,0
59,Yes,Travel_Frequently,201,Research & Development,2,4,Life Sciences,1,492,4,Male,90,1,3,Research Scientist,3,Married,11391,7202,2,Y,No,14,4,1,80,1,34,4,3,5,3,1,3
38,No,Travel_Frequently,931,Research & Development,1,3,Life Sciences,1,493,3,Male,62,3,4,Manager,3,Married,15934,19247,6,Y,No,13,4,4,80,3,19,1,4,19,9,0,9
38,Yes,Travel_Rarely,567,Research & Development,21,3,Marketing,1,494,4,Female,86,2,3,Manufacturing Director,4,Married,9342,10381,7,Y,No,17,4,3,80,3,15,5,3,0,0,0,0
18,Yes,Travel_Rarely,240,Research & Development,1,3,Life Sciences,1,495,2,Male,75,4,1,Healthcare Representative,4,Single,3399,12955,3,Y,No,15,3,3,80,0,0,0,1,0,0,0,0
42,No,Travel_Rarely,1261,Sales,2,3,Life Sciences,1,496,4,Male,94,3,3,Sales Representative,4,Married,10535,4298,2,Y,Yes,25,4,3,80,1,17,2,3,3,1,3,0
31,No,Travel_Rarely,178,Sales,22,1,Medical,1,497,3,Female,63,4,2,Sales Representative,3,Married,9333,25924,7,Y,No,23,3,4,80,1,9,1,2,3,0,0,0
18,Yes,Travel_Rarely,1318,Sales,5,4,Life Sciences,1,498,2,Female,61,3,1,Sales Representative,1,Married,3696,9506,0,Y,No,17,4,3,80,3,0,2,3,0,0,0,0
31,No,Travel_Rarely,268,Research & Development,8,4,Technical Degree,1,499,1,Female,61,3,4,Manager,3,Single,13673,7417,9,Y,No,18,3,2,80,0,12,6,3,12,9,2,7
29,Yes,Travel_Rarely,271,Research & Development,29,3,Medical,1,500,2,Female,42,3,2,Healthcare Representative,3,Married,7314,4784,1,Y,Yes,23,3,1,80,1,10,1,2,2,2,1,2
26,Yes,Travel_Rarely,102,Research & Development,1,3,Other,1,501,1,Male,54,2,2,Manager,2,Single,5726,7662,6,Y,No,24,4,1,80,0,6,0,4,2,0,2,0
36,No,Travel_Rarely,923,Sales,1,3,Human Resources,1,502,1,Female,83,2,4,Sales Executive,3,Divorced,14160,9798,4,Y,Yes,21,4,3,80,3,16,1,4,7,5,3,6
37,No,Travel_Rarely,1071,Research & Development,1,1,Life Sciences,1,503,4,Female,34,2,4,Research Scientist,3,Married,11609,14028,2,Y,No,17,3,3,80,1,17,2,3,1,1,0,0
39,No,Travel_Rarely,787,Sales,6,3,Technical Degree,1,504,1,Female,48,2,4,Sales Representative,4,Married,11926,3471,2,Y,No,14,4,1,80,3,16,2,2,4,2,4,2
49,No,Travel_Rarely,992,Research & Development,3,3,Other,1,505,3,Female,35,3,3,Research Scientist,3,Divorced,9796,17001,9,Y,No,19,4,4,80,3,31,4,4,0,0,0,0
46,Yes,Travel_Rarely,1188,Research & Development,29,1,Technical Degree,1,506,3,Female,59,2,4,Research Scientist,1,Single,15431,3422,3,Y,No,24,4,2,80,0,21,1,4,17,10,2,9
29,Yes,Travel_Rarely,981,Human Resources,20,4,Marketing,1,507,4,Male,40,3,2,Human Resources,2,Married,7962,12867,3,Y,No,18,3,4,80,1,7,0,2,7,5,3,1
47,No,Travel_Rarely,655,Research & Development,4,4,Marketing,1,508,1,Male,52,2,4,Manager,1,Single,15784,5808,7,Y,No,16,3,4,80,0,27,4,4,3,3,3,0
38,Yes,Travel_Rarely,1395,Research & Development,2,1,Technical Degree,1,509,4,Male,74,3,2,Research Scientist,1,Divorced,7049,3070,5,Y,No,24,4,2,80,1,15,6,3,1,0,1,0
37,No,Travel_Rarely,795,Research & Development,8,3,Medical,1,510,1,Male,83,3,4,Healthcare Representative,1,Married,13137,26661,0,Y,No,16,4,3,80,1,16,0,1,12,6,8,7
39,Yes,Travel_Rarely,879,Research & Development,6,5,Human Resources,1,511,4,Female,49,2,3,Research Scientist,1,Single,10019,11290,5,Y,No,24,4,2,80,0,20,0,4,6,4,0,4
45,Yes,Travel_Rarely,668,Research & Development,1,2,Marketing,1,512,2,Male,69,3,3,Manager,4,Single,10638,20123,8,Y,Yes,25,3,1,80,0,26,6,2,14,8,8,4
31,Yes,Non-Travel,320,Sales,9,1,Marketing,1,513,4,Female,63,3,3,Manager,1,Single,10537,7297,9,Y,Yes,19,3,4,80,0,13,0,1,2,0,2,2
33,No,Travel_Rarely,1467,Sales,1,2,Life Sciences,1,514,4,Male,79,1,2,Manager,4,Divorced,7641,8400,8,Y,No,15,4,1,80,3,13,1,3,9,6,5,4
26,Yes,Travel_Rarely,613,Sales,17,2,Marketing,1,515,1,Female,35,2,1,Sales Representative,3,Single,4666,26055,1,Y,Yes,21,4,1,80,0,4,1,3,4,3,2,4
44,No,Travel_Rarely,825,Research & Development,1,4,Other,1,516,3,Female,54,3,3,Research Scientist,3,Divorced,11062,23912,3,Y,No,18,4,3,80,2,25,2,2,2,0,1,2
30,No,Travel_Frequently,1078,Research & Development,16,4,Life Sciences,1,517,1,Female,79,2,2,Laboratory Technician,3,Divorced,7960,10929,2,Y,Yes,18,3,2,80,3,9,3,2,3,2,3,2
38,Yes,Travel_Rarely,602,Research & Development,26,3,Technical Degree,1,518,3,Male,97,3,5,Healthcare Representative,1,Single,16104,8088,7,Y,No,19,3,4,80,0,19,1,2,2,0,1,1
44,No,Travel_Rarely,790,Sales,1,2,Technical Degree,1,519,3,Male,75,3,3,Manager,2,Divorced,10258,17540,3,Y,No,19,4,2,80,3,22,3,3,8,4,1,3
40,No,Travel_Rarely,676,Research & Development,1,3,Life Sciences,1,520,4,Male,87,4,5,Research Scientist,2,Married,15608,8945,1,Y,No,16,3,1,80,1,19,4,2,4,4,2,2
48,No,Travel_Rarely,832,Sales,12,1,Other,1,521,1,Female,87,1,5,Manager,3,Married,16401,20322,2,Y,Yes,11,3,2,80,2,28,5,3,7,6,3,7
24,Yes,Travel_Frequently,417,Research & Development,11,2,Medical,1,522,4,Male,38,2,1,Laboratory Technician,2,Single,3813,7306,7,Y,Yes,17,3,3,80,0,3,1,3,0,0,0,0
28,No,Travel_Rarely,1193,Sales,1,1,Life Sciences,1,523,4,Female,57,2,3,Sales Representative,4,Married,11353,16808,6,Y,No,13,4,4,80,3,9,2,3,3,3,3,3
31,No,Travel_Rarely,576,Sales,4,3,Medical,1,524,4,Male,46,3,2,Sales Executive,3,Married,8853,9974,0,Y,No,19,3,4,80,2,12,1,2,11,9,0,9
33,No,Travel_Rarely,1497,Research & Development,7,4,Marketing,1,525,3,Male,65,3,3,Research Scientist,3,Single,11467,13159,0,Y,Yes,11,3,3,80,0,9,6,2,4,2,4,4
50,No,Travel_Rarely,337,Research & Development,1,4,Life Sciences,1,526,3,Male,94,3,5,Manager,4,Single,15651,23249,4,Y,No,23,4,1,80,0,31,2,2,8,5,1,5
43,No,Travel_Rarely,801,Research & Development,3,3,Human Resources,1,527,1,Male,41,2,3,Manager,3,Married,10007,13938,8,Y,No,15,3,1,80,2,23,3,2,1,1,1,0
33,No,Travel_Rarely,136,Research & Development,3,3,Human Resources,1,528,2,Female,97,3,3,Manufacturing Director,3,Single,11385,8148,2,Y,No,12,3,4,80,0,11,2,3,11,7,4,5
43,No,Travel_Rarely,1480,Sales,7,3,Human Resources,1,529,2,Male,38,3,5,Sales Representative,4,Divorced,15828,6730,6,Y,No,20,4,1,80,3,21,5,3,6,0,0,4
42,No,Travel_Rarely,867,Sales,1,2,Marketing,1,530,4,Female,67,3,3,Manager,4,Single,10161,3480,2,Y,No,17,3,2,80,0,22,5,4,3,3,3,0
33,No,Non-Travel,666,Sales,21,1,Medical,1,531,4,Male,72,3,2,Sales Representative,4,Married,8111,25867,2,Y,No,18,3,2,80,1,8,5,3,3,0,1,1
35,No,Travel_Rarely,1216,Sales,22,2,Marketing,1,532,1,Female,36,3,2,Sales Executive,1,Single,9693,21966,3,Y,Yes,14,3,3,80,0,14,5,3,12,6,0,5
32,Yes,Non-Travel,480,Research & Development,1,3,Marketing,1,533,4,Male,56,3,3,Manager,4,Married,10846,2964,0,Y,No,20,3,4,80,2,13,2,3,13,5,7,5
37,Yes,Non-Travel,739,Research & Development,2,3,Human Resources,1,534,3,Female,39,2,3,Research Director,2,Single,10086,6130,8,Y,No,21,4,2,80,0,12,0,3,2,0,1,2
30,Yes,Travel_Frequently,368,Research & Development,7,4,Marketing,1,535,2,Female,96,3,2,Healthcare Representative,1,Married,6827,19661,6,Y,Yes,22,3,2,80,2,9,6,1,1,0,1,1
35,No,Non-Travel,893,Sales,5,5,Technical Degree,1,536,4,Male,49,3,3,Sales Executive,2,Divorced,9750,24537,7,Y,Yes,12,4,2,80,3,16,5,3,0,0,0,0
42,No,Travel_Rarely,1182,Sales,15,3,Marketing,1,537,4,Male,87,2,4,Sales Representative,2,Married,12611,8453,5,Y,No,15,3,4,80,3,18,3,2,5,5,1,3
49,No,Travel_Rarely,624,Sales,2,3,Medical,1,538,4,Male,51,1,5,Manager,4,Divorced,15357,15294,9,Y,No,22,4,2,80,3,31,6,2,0,0,0,0
25,Yes,Travel_Frequently,500,Sales,9,4,Marketing,1,539,2,Female,52,2,1,Manager,1,Single,4852,8332,1,Y,No,13,3,1,80,0,6,2,3,6,1,1,1
39,No,Non-Travel,1458,Research & Development,1,3,Human Resources,1,540,2,Male,76,3,3,Research Director,3,Single,10241,23399,3,Y,No,25,3,4,80,0,14,5,2,1,0,1,0
49,No,Travel_Frequently,807,Sales,28,4,Life Sciences,1,541,3,Male,82,3,5,Sales Representative,1,Married,17499,22749,1,Y,No,25,3,3,80,2,29,0,2,16,7,2,8
21,Yes,Travel_Frequently,560,Research & Development,14,3,Medical,1,542,4,Female,30,3,1,Manager,2,Divorced,5533,2307,8,Y,Yes,17,4,4,80,2,2,3,3,2,0,0,0
39,No,Travel_Rarely,1009,Sales,1,2,Human Resources,1,543,2,Female,82,3,3,Sales Representative,3,Married,9708,22638,2,Y,No,11,4,4,80,3,21,1,3,0,0,0,0
32,No,Travel_Rarely,1259,Sales,4,1,Technical Degree,1,544,4,Female,38,4,2,Sales Representative,4,Divorced,8402,10729,0,Y,Yes,17,4,4,80,3,12,0,4,9,4,4,4
42,Yes,Non-Travel,1153,Research & Development,3,4,Medical,1,545,3,Male,70,2,3,Research Scientist,1,Divorced,10773,6431,7,Y,Yes,18,4,1,80,1,21,3,3,2,0,2,2
41,No,Travel_Rarely,392,Research & Development,2,1,Human Resources,1,546,1,Male,89,3,5,Manager,3,Single,15728,26372,7,Y,No,21,3,3,80,0,18,1,3,0,0,0,0
52,No,Travel_Rarely,464,Research & Development,1,3,Human Resources,1,547,3,Female,99,3,4,Healthcare Representative,4,Single,11894,24426,5,Y,No,17,3,4,80,0,28,2,3,1,1,1,0
38,Yes,Travel_Rarely,1209,Human Resources,10,3,Life Sciences,1,548,3,Female,48,3,2,Human Resources,4,Single,8297,4858,2,Y,No,13,3,1,80,0,14,5,3,7,7,7,0
28,Yes,Travel_Frequently,1311,Research & Development,4,4,Other,1,549,3,Female,98,3,3,Healthcare Representative,2,Single,11112,24437,4,Y,No,14,4,2,80,0,9,4,3,8,7,1,4
31,No,Travel_Rarely,1427,Research & Development,22,4,Medical,1,550,1,Male,40,3,3,Research Scientist,4,Single,10571,11385,5,Y,No,18,4,2,80,0,10,6,3,7,3,2,6
36,No,Non-Travel,889,Sales,2,3,Marketing,1,551,4,Female,99,3,4,Sales Executive,1,Married,13090,7006,9,Y,No,20,4,3,80,1,12,4,4,4,1,2,3
19,Yes,Travel_Rarely,1370,Sales,1,5,Marketing,1,552,2,Male,72,4,1,Sales Executive,1,Married,3349,24560,7,Y,No,20,3,4,80,3,0,0,3,0,0,0,0
34,No,Travel_Rarely,500,Sales,4,2,Other,1,553,3,Female,99,3,2,Sales Executive,4,Married,8992,20856,1,Y,No,16,4,4,80,1,9,1,3,6,2,0,1
35,No,Travel_Frequently,903,Sales,11,4,Human Resources,1,554,4,Male,77,3,2,Sales Executive,2,Married,9164,14080,0,Y,No,21,4,2,80,3,12,4,4,3,3,3,3
36,No,Travel_Rarely,585,Sales,12,4,Life Sciences,1,555,4,Female,64,3,3,Sales Representative,3,Married,9728,3329,1,Y,No,24,4,1,80,1,14,1,2,1,1,0,0
33,No,Travel_Frequently,1419,Research & Development,2,2,Marketing,1,556,4,Male,43,3,4,Research Scientist,1,Divorced,14045,11383,1,Y,Yes,11,4,4,80,2,10,1,2,6,4,0,0
24,Yes,Travel_Rarely,221,Sales,5,1,Other,1,557,1,Male,71,3,1,Sales Executive,1,Married,5257,21216,8,Y,No,17,4,2,80,2,0,4,3,0,0,0,0
29,No,Travel_Rarely,782,Research & Development,3,4,Other,1,558,3,Female,33,2,2,Healthcare Representative,2,Single,9033,6554,0,Y,No,25,3,3,80,0,6,0,2,6,4,1,0
41,No,Travel_Frequently,892,Research & Development,1,2,Other,1,559,4,Male,92,3,3,Research Director,3,Married,11605,6814,7,Y,Yes,24,3,2,80,3,18,3,2,14,9,0,9
24,No,Travel_Rarely,116,Research & Development,12,2,Other,1,560,4,Male,69,2,1,Manufacturing Director,1,Married,4657,22543,1,Y,No,11,4,1,80,1,1,5,2,1,1,1,1
40,No,Travel_Rarely,1271,Research & Development,11,3,Technical Degree,1,561,2,Male,34,3,3,Manufacturing Director,4,Married,9961,12757,2,Y,Yes,20,3,2,80,2,20,4,3,10,6,1,4
44,No,Travel_Rarely,455,Sales,11,3,Other,1,562,4,Male,49,4,3,Sales Representative,3,Married,12969,20989,9,Y,No,25,3,4,80,1,19,5,4,19,7,3,11
32,No,Travel_Rarely,1111,Research & Development,7,3,Marketing,1,563,2,Male,58,3,2,Healthcare Representative,4,Divorced,6197,7388,6,Y,No,15,3,2,80,1,12,0,2,1,1,0,0
30,Yes,Travel_Frequently,1245,Research & Development,1,4,Human Resources,1,564,4,Female,96,3,2,Healthcare Representative,4,Married,7334,10057,2,Y,No,13,3,2,80,3,12,6,3,1,0,0,1
25,No,Travel_Frequently,864,Research & Development,11,1,Technical Degree,1,565,3,Male,95,3,2,Manufacturing Director,3,Married,6175,13804,2,Y,No,14,4,2,80,3,5,0,2,0,0,0,0
43,Yes,Travel_Rarely,1284,Sales,29,2,Medical,1,566,2,Female,51,1,3,Sales Executive,4,Single,11047,26006,9,Y,No,22,4,4,80,0,24,5,3,11,2,5,5
44,No,Travel_Rarely,1044,Research & Development,1,4,Other,1,567,1,Male,82,3,4,Manager,1,Married,14231,17382,2,Y,Yes,11,3,2,80,3,20,4,2,20,12,0,10
38,Yes,Travel_Rarely,1454,Research & Development,22,1,Technical Degree,1,568,4,Male,52,3,2,Healthcare Representative,1,Divorced,6239,17014,4,Y,Yes,23,3,3,80,3,13,1,3,1,0,1,0
37,No,Travel_Frequently,237,Research & Development,10,3,Life Sciences,1,569,4,Male,30,3,2,Manufacturing Director,1,Single,9041,9126,9,Y,No,20,4,4,80,0,14,1,4,13,6,2,6
39,Yes,Non-Travel,354,Sales,1,2,Medical,1,570,1,Female,76,3,3,Sales Executive,4,Single,11381,22221,2,Y,No,18,3,1,80,0,16,4,2,5,0,2,0
33,No,Travel_Frequently,686,Research & Development,29,3,Technical Degree,1,571,4,Male,34,2,4,Research Scientist,4,Single,13956,10276,0,Y,No,12,3,3,80,0,9,4,3,1,0,0,0
24,Yes,Non-Travel,1238,Human Resources,9,3,Human Resources,1,572,3,Female,37,3,1,Human Resources,1,Divorced,3931,5977,8,Y,No,12,3,4,80,2,5,1,2,3,3,2,1
56,Yes,Travel_Rarely,1143,Sales,4,4,Medical,1,573,3,Male,35,2,5,Manager,4,Married,15354,15482,7,Y,No,12,3,1,80,1,31,0,3,1,1,1,0
30,Yes,Travel_Rarely,1251,Research & Development,6,2,Marketing,1,574,3,Female,30,3,2,Research Scientist,3,Married,8008,13030,3,Y,Yes,21,3,3,80,3,9,4,3,9,5,0,4
23,Yes,Travel_Frequently,240,Sales,19,3,Marketing,1,575,2,Male,44,3,2,Sales Representative,3,Single,7895,3751,7,Y,Yes,20,4,1,80,0,4,5,4,3,3,0,1
18,Yes,Travel_Rarely,1119,Research & Development,2,4,Other,1,576,2,Male,80,3,1,Manager,3,Single,3209,21954,8,Y,No,18,3,1,80,0,0,5,3,0,0,0,0
46,No,Travel_Rarely,1312,Research & Development,7,2,Technical Degree,1,577,4,Female,67,3,4,Research Scientist,4,Single,15406,21193,9,Y,No,25,3,3,80,0,22,4,2,21,13,0,6
35,No,Travel_Frequently,1219,Sales,16,4,Medical,1,578,3,Male,40,2,5,Sales Representative,3,Married,16042,9801,5,Y,Yes,21,4,3,80,1,17,1,3,1,0,0,0
39,No,Travel_Frequently,1271,Research & Development,6,3,Other,1,579,4,Female,86,3,5,Research Scientist,3,Single,16481,18702,5,Y,No,18,3,4,80,0,21,4,3,11,6,5,10
44,No,Travel_Rarely,1135,Research & Development,5,1,Technical Degree,1,580,4,Male,49,3,4,Research Scientist,3,Single,12861,17277,6,Y,Yes,20,4,3,80,0,23,5,3,3,3,0,0
32,No,Travel_Rarely,1450,Research & Development,21,1,Other,1,581,3,Female,80,3,2,Laboratory Technician,2,Divorced,6783,8048,4,Y,No,21,3,4,80,3,13,4,3,3,0,0,3
49,No,Travel_Rarely,358,Research & Development,2,2,Technical Degree,1,582,4,Female,30,3,3,Research Director,2,Married,10846,18560,9,Y,No,23,3,4,80,1,31,2,3,2,0,2,2
25,No,Travel_Frequently,834,Research & Development,1,2,Life Sciences,1,583,2,Female,50,3,1,Research Director,2,Single,5253,8797,6,Y,No,12,3,4,80,0,5,1,3,5,2,4,0
27,Yes,Travel_Rarely,497,Research & Development,2,3,Medical,1,584,2,Male,67,3,1,Laboratory Technician,1,Single,4606,11059,0,Y,No,23,4,1,80,0,3,3,2,2,1,2,2
42,No,Travel_Frequently,1220,Sales,1,2,Life Sciences,1,585,4,Male,84,3,3,Manager,4,Married,11465,22294,8,Y,Yes,20,3,3,80,1,24,5,4,14,6,1,6
45,No,Non-Travel,193,Research & Development,4,3,Marketing,1,586,1,Male,74,2,3,Healthcare Representative,4,Married,11222,5809,1,Y,No,18,3,4,80,3,22,3,4,2,0,0,0
35,Yes,Travel_Frequently,198,Sales,2,3,Human Resources,1,587,3,Female,67,4,2,Manager,3,Single,8055,14425,6,Y,Yes,21,4,4,80,0,15,6,3,0,0,0,0
51,No,Travel_Rarely,1348,Research & Development,3,3,Technical Degree,1,588,3,Male,33,2,4,Healthcare Representative,4,Married,15610,16025,2,Y,No,14,4,2,80,1,33,2,3,12,4,8,5
42,No,Travel_Frequently,1081,Sales,3,2,Medical,1,589,1,Male,90,3,3,Manager,1,Married,12234,12272,6,Y,No,13,4,1,80,1,18,4,3,7,0,2,1
38,No,Non-Travel,835,Research & Development,1,4,Other,1,590,4,Female,86,2,2,Manufacturing Director,4,Divorced,8219,2540,4,Y,No,18,3,1,80,2,14,5,3,14,8,0,9
30,Yes,Travel_Rarely,1154,Research & Development,1,2,Life Sciences,1,591,1,Male,52,3,2,Healthcare Representative,3,Married,7296,12244,2,Y,No,12,3,4,80,3,8,4,3,1,1,1,0
33,No,Travel_Rarely,1108,Sales,26,2,Life Sciences,1,592,4,Female,40,3,3,Sales Representative,4,Divorced,11159,16864,7,Y,Yes,25,4,2,80,1,11,6,3,7,5,1,4
40,No,Travel_Rarely,893,Research & Development,1,2,Other,1,593,4,Female,59,3,4,Manager,4,Single,14121,12743,8,Y,No,19,3,4,80,0,20,2,2,11,9,6,5
32,Yes,Travel_Rarely,1190,Sales,22,4,Life Sciences,1,594,2,Male,56,2,4,Sales Representative,2,Married,13766,19627,5,Y,No,22,3,3,80,1,13,3,3,8,3,1,2
31,Yes,Travel_Rarely,1328,Sales,10,4,Life Sciences,1,595,4,Female,37,3,2,Manager,3,Married,7476,12123,5,Y,Yes,18,3,3,80,2,10,6,3,7,3,0,0
29,No,Travel_Rarely,904,Research & Development,1,1,Marketing,1,596,3,Female,50,3,1,Laboratory Technician,1,Married,5397,20659,3,Y,No,13,3,4,80,1,7,5,4,1,0,0,1
18,Yes,Travel_Frequently,351,Research & Development,1,2,Life Sciences,1,597,4,Male,31,3,1,Research Scientist,3,Single,4488,20042,1,Y,Yes,24,4,4,80,0,0,1,4,0,0,0,0
25,No,Travel_Frequently,173,Research & Development,3,3,Medical,1,598,2,Male,30,3,2,Manager,2,Married,7193,8600,0,Y,No,18,4,4,80,1,6,1,3,6,6,4,3
53,Yes,Travel_Rarely,679,Research & Development,5,1,Other,1,599,2,Male,30,4,3,Manufacturing Director,1,Married,9649,16741,8,Y,Yes,16,3,1,80,2,35,3,3,4,2,4,1
21,No,Travel_Rarely,1167,Research & Development,8,3,Technical Degree,1,600,1,Male,45,3,1,Research Director,3,Married,4040,17576,8,Y,No,21,4,4,80,2,0,6,3,0,0,0,0
30,No,Travel_Rarely,721,Research & Development,5,1,Technical Degree,1,601,3,Female,40,3,1,Research Director,4,Married,5667,20224,0,Y,No,23,4,3,80,2,6,1,3,0,0,0,0
51,No,Non-Travel,464,Research & Development,1,3,Marketing,1,602,3,Female,50,4,4,Research Director,2,Married,14579,6711,9,Y,Yes,18,4,3,80,3,32,4,3,7,2,0,3
28,Yes,Travel_Frequently,231,Sales,2,2,Other,1,603,4,Female,81,1,2,Sales Representative,2,Married,7700,9288,5,Y,Yes,17,4,4,80,1,6,0,3,3,0,3,3
30,Yes,Travel_Rarely,866,Research & Development,22,3,Medical,1,604,3,Female,30,4,2,Healthcare Representative,1,Single,5659,17870,1,Y,Yes,11,4,4,80,0,12,4,2,0,0,0,0
27,Yes,Travel_Rarely,744,Research & Development,1,2,Human Resources,1,605,1,Female,31,2,3,Research Scientist,3,Married,11635,2244,7,Y,Yes,15,3,2,80,2,8,4,1,8,2,3,3
29,Yes,Travel_Rarely,1073,Sales,9,4,Marketing,1,606,3,Female,55,3,1,Manager,4,Divorced,4282,12280,8,Y,Yes,12,3,4,80,1,5,6,3,5,2,2,4
36,Yes,Travel_Rarely,661,Research & Development,7,3,Medical,1,607,4,Male,99,3,4,Research Scientist,4,Single,14309,16361,0,Y,No,22,4,2,80,0,16,3,4,0,0,0,0
40,No,Travel_Frequently,907,Human Resources,24,3,Marketing,1,608,3,Female,76,4,4,Human Resources,2,Married,12259,16806,9,Y,No,16,4,1,80,1,20,0,3,2,2,0,2
30,No,Travel_Frequently,141,Research & Development,8,3,Other,1,609,4,Female,48,3,2,Laboratory Technician,4,Divorced,5868,12859,4,Y,No,22,4,3,80,1,7,5,3,0,0,0,0
26,No,Travel_Rarely,205,Research & Development,8,4,Life Sciences,1,610,4,Female,40,1,1,Manager,4,Married,4805,12563,1,Y,Yes,16,3,2,80,2,4,6,4,4,4,0,2
35,No,Travel_Rarely,574,Sales,2,3,Other,1,611,3,Female,38,3,4,Manager,1,Single,12863,3671,0,Y,Yes,17,4,2,80,0,17,5,3,4,1,0,2
19,No,Travel_Rarely,1362,Sales,7,1,Medical,1,612,1,Female,52,2,1,Sales Executive,2,Married,4713,19967,5,Y,No,16,3,3,80,1,0,2,2,0,0,0,0
33,No,Travel_Rarely,358,Research & Development,4,3,Life Sciences,1,613,2,Male,57,3,2,Healthcare Representative,4,Married,6692,23793,3,Y,No,20,4,4,80,2,15,2,4,3,0,1,3
18,Yes,Travel_Rarely,478,Research & Development,6,3,Life Sciences,1,614,2,Male,37,2,1,Laboratory Technician,2,Single,3186,22663,2,Y,Yes,21,3,4,80,0,0,1,2,0,0,0,0
38,Yes,Travel_Frequently,115,Sales,1,1,Life Sciences,1,615,1,Female,66,2,5,Sales Executive,4,Single,14865,24321,5,Y,No,25,4,1,80,0,20,2,3,3,0,0,1
37,Yes,Travel_Rarely,1050,Research & Development,7,2,Technical Degree,1,616,1,Male,33,2,2,Research Director,4,Single,8868,24864,9,Y,No,13,3,3,80,0,13,3,3,2,0,1,1
49,Yes,Travel_Frequently,331,Sales,1,2,Other,1,617,3,Male,94,2,5,Sales Executive,3,Single,16087,16398,3,Y,No,19,4,1,80,0,30,2,3,7,6,2,3
33,Yes,Travel_Frequently,1293,Research & Development,10,3,Human Resources,1,618,3,Male,91,4,2,Manufacturing Director,2,Married,8477,7742,8,Y,Yes,15,4,3,80,3,9,2,3,5,2,0,5
45,No,Travel_Rarely,1176,Human Resources,12,2,Medical,1,619,1,Male,44,3,5,Human Resources,1,Married,15844,4257,6,Y,Yes,16,3,2,80,1,25,5,4,5,0,2,0
41,No,Travel_Rarely,198,Research & Development,2,1,Medical,1,620,2,Male,82,3,5,Research Scientist,1,Single,17342,10399,6,Y,No,14,3,4,80,0,20,5,3,13,7,0,5
40,No,Non-Travel,185,Sales,5,3,Medical,1,621,3,Female,50,2,4,Manager,4,Single,12213,21166,8,Y,No,14,3,4,80,0,21,6,2,6,3,0,3
43,No,Travel_Frequently,185,Human Resources,1,3,Human Resources,1,622,4,Male,79,3,4,Human Resources,4,Married,13684,9757,6,Y,No,25,3,3,80,3,23,0,4,5,3,4,3
22,Yes,Travel_Rarely,447,Research & Development,13,4,Marketing,1,623,3,Female,79,3,2,Research Scientist,1,Single,7425,6507,6,Y,Yes,25,3,3,80,0,4,0,3,4,0,1,4
35,Yes,Travel_Rarely,739,Research & Development,15,3,Other,1,624,4,Female,40,2,3,Healthcare Representative,3,Married,10651,23655,9,Y,Yes,20,4,4,80,3,13,2,4,7,5,0,1
39,No,Non-Travel,159,Sales,29,4,Other,1,625,3,Male,77,3,5,Sales Executive,1,Single,16938,25646,4,Y,No,16,4,3,80,0,16,6,3,7,6,1,3
34,No,Travel_Rarely,263,Research & Development,5,3,Technical Degree,1,626,3,Female,52,2,2,Manufacturing Director,3,Married,9188,13341,4,Y,No,16,3,4,80,3,11,4,2,11,2,1,6
36,No,Travel_Rarely,345,Research & Development,15,2,Marketing,1,627,1,Female,64,3,5,Research Director,4,Divorced,15371,8044,6,Y,Yes,12,4,2,80,1,16,0,2,2,0,2,0
59,No,Travel_Rarely,351,Sales,20,4,Medical,1,628,2,Male,93,3,4,Manager,4,Married,15318,19488,5,Y,No,25,3,3,80,2,37,1,1,10,5,6,6
40,No,Non-Travel,437,Sales,7,3,Life Sciences,1,629,4,Male,33,3,5,Sales Representative,3,Married,16323,24753,8,Y,No,17,4,3,80,2,17,5,1,11,6,3,5
39,No,Travel_Rarely,1450,Research & Development,4,3,Medical,1,630,4,Male,35,3,3,Healthcare Representative,4,Married,9768,3285,0,Y,No,25,3,1,80,1,18,3,4,4,1,0,4
40,Yes,Travel_Rarely,876,Research & Development,9,4,Medical,1,631,4,Male,74,1,3,Manufacturing Director,4,Married,9652,13597,2,Y,No,19,4,3,80,3,16,1,2,0,0,0,0
38,Yes,Travel_Rarely,1347,Research & Development,5,2,Other,1,632,3,Male,52,2,2,Research Director,4,Single,8170,2140,4,Y,Yes,16,4,3,80,0,15,5,3,15,8,1,10
30,Yes,Travel_Rarely,357,Sales,4,1,Medical,1,633,4,Female,49,1,2,Sales Representative,4,Married,8241,15084,1,Y,Yes,16,3,4,80,1,12,4,2,4,0,0,4
31,Yes,Travel_Rarely,319,Research & Development,16,3,Technical Degree,1,634,4,Female,67,3,2,Research Scientist,4,Divorced,9375,10409,2,Y,Yes,16,3,1,80,1,9,5,2,9,2,1,3
48,No,Travel_Frequently,316,Research & Development,3,1,Medical,1,635,1,Male,60,3,5,Laboratory Technician,3,Married,15270,2300,7,Y,No,21,4,3,80,1,25,1,2,1,0,1,1
50,Yes,Travel_Rarely,1266,Sales,1,3,Human Resources,1,636,2,Male,39,1,3,Manager,1,Married,9983,7804,1,Y,No,16,3,4,80,3,26,3,3,1,0,1,0
44,Yes,Travel_Rarely,1437,Research & Development,2,3,Marketing,1,637,4,Male,93,3,3,Manager,1,Married,11528,5242,2,Y,Yes,22,3,1,80,1,20,1,4,6,3,0,2
29,No,Non-Travel,1044,Research & Development,8,3,Technical Degree,1,638,4,Female,73,3,1,Manager,4,Single,4349,24882,9,Y,No,19,4,1,80,0,5,5,3,0,0,0,0
28,Yes,Travel_Rarely,150,Sales,20,4,Other,1,639,3,Female,74,2,1,Sales Executive,1,Married,3591,18028,6,Y,No,15,4,1,80,3,7,4,1,0,0,0,0
26,No,Travel_Rarely,171,Research & Development,1,5,Other,1,640,4,Female,62,3,1,Research Scientist,4,Married,3605,12927,0,Y,No,11,4,1,80,2,2,1,3,2,0,2,1
28,Yes,Travel_Frequently,327,Research & Development,29,3,Human Resources,1,641,2,Male,50,1,1,Research Scientist,1,Married,3790,19428,2,Y,Yes,18,4,2,80,1,3,5,3,3,3,0,0
38,No,Travel_Rarely,912,Human Resources,22,3,Marketing,1,642,4,Female,61,3,4,Human Resources,2,Divorced,12555,26767,9,Y,No,14,4,2,80,2,14,2,2,3,3,0,0
30,No,Travel_Rarely,306,Research & Development,6,3,Technical Degree,1,643,3,Male,61,3,3,Manufacturing Director,4,Single,10018,7261,1,Y,No,11,4,3,80,0,10,1,3,1,0,1,0
42,No,Travel_Rarely,405,Sales,20,3,Technical Degree,1,644,2,Male,58,2,4,Sales Executive,1,Single,14077,20659,0,Y,No,24,3,2,80,0,20,1,3,6,4,4,1
51,No,Travel_Frequently,633,Research & Development,5,4,Medical,1,645,4,Female,71,3,5,Research Scientist,3,Married,14517,15088,6,Y,No,14,3,4,80,1,27,0,2,1,0,1,0
38,No,Travel_Frequently,913,Research & Development,1,3,Marketing,1,646,2,Male,99,3,4,Laboratory Technician,3,Single,14394,3012,0,Y,No,19,4,3,80,0,20,5,3,13,10,0,5
35,Yes,Non-Travel,1247,Sales,1,4,Human Resources,1,647,1,Male,65,1,2,Sales Representative,3,Single,7690,15926,6,Y,Yes,16,3,4,80,0,10,3,3,4,1,1,0
37,No,Travel_Rarely,978,Sales,6,2,Medical,1,648,2,Male,88,3,3,Sales Executive,2,Single,11456,14060,0,Y,No,18,4,3,80,0,19,1,2,1,0,0,0
38,Yes,Travel_Frequently,708,Research & Development,1,2,Medical,1,649,2,Female,88,2,4,Manufacturing Director,2,Divorced,13213,4325,9,Y,No,23,3,4,80,1,17,0,4,0,0,0,0
31,No,Travel_Rarely,642,Research & Development,4,3,Marketing,1,650,2,Female,36,3,3,Laboratory Technician,2,Married,8738,14752,5,Y,No,21,3,1,80,2,9,4,3,7,4,2,3
43,No,Travel_Rarely,1026,Sales,6,4,Other,1,651,2,Male,39,3,3,Sales Representative,3,Married,9757,8198,1,Y,No,13,3,4,80,3,23,0,4,2,0,0,2
41,No,Travel_Rarely,1366,Research & Development,3,3,Life Sciences,1,652,1,Female,62,2,3,Research Director,3,Single,10217,24849,5,Y,No,13,4,2,80,0,23,5,2,7,4,6,5
48,No,Travel_Rarely,501,Research & Development,6,3,Medical,1,653,3,Female,30,3,3,Laboratory Technician,3,Married,10667,24781,8,Y,Yes,24,3,2,80,2,27,1,3,1,0,1,1
44,No,Travel_Rarely,474,Research & Development,6,3,Marketing,1,654,1,Female,80,3,4,Research Scientist,4,Married,14312,16090,3,Y,No,13,4,2,80,2,26,3,3,2,0,0,2
37,No,Travel_Frequently,942,Sales,1,3,Marketing,1,655,4,Male,57,3,5,Sales Representative,1,Married,16131,3471,2,Y,Yes,20,4,3,80,3,19,2,2,3,3,3,1
37,No,Travel_Rarely,558,Research & Development,11,2,Medical,1,656,3,Female,98,2,3,Healthcare Representative,1,Married,9637,3419,0,Y,No,15,3,3,80,2,17,5,3,12,4,3,4
38,No,Travel_Rarely,1241,Research & Development,15,4,Medical,1,657,4,Female,98,2,3,Laboratory Technician,2,Married,11002,4010,6,Y,No,15,4,1,80,2,16,6,3,5,2,5,4
48,No,Travel_Rarely,471,Research & Development,6,4,Medical,1,658,4,Female,44,2,3,Healthcare Representative,4,Divorced,11175,22099,2,Y,No,22,4,1,80,2,23,6,3,1,1,1,0
39,No,Travel_Rarely,1357,Research & Development,3,3,Other,1,659,3,Male,65,3,4,Manufacturing Director,3,Single,12825,20947,8,Y,No,12,3,1,80,0,20,4,3,2,1,1,0
35,No,Travel_Frequently,583,Research & Development,4,1,Medical,1,660,1,Male,100,2,3,Research Scientist,2,Single,10348,25352,0,Y,No,25,4,1,80,0,17,4,3,0,0,0,0
29,Yes,Travel_Rarely,519,Sales,7,3,Medical,1,661,4,Male,57,3,1,Manager,4,Single,5418,17942,6,Y,Yes,25,3,2,80,0,4,4,3,3,0,3,2
34,Yes,Travel_Rarely,1330,Research & Development,5,2,Technical Degree,1,662,1,Female,38,3,2,Research Director,3,Married,7885,19407,7,Y,No,16,3,3,80,1,15,3,4,0,0,0,0
46,No,Travel_Rarely,823,Research & Development,8,3,Life Sciences,1,663,1,Male,83,4,5,Manager,3,Single,16116,21084,8,Y,Yes,21,3,4,80,0,28,4,2,7,3,7,0
33,No,Travel_Rarely,805,Research & Development,11,4,Other,1,664,1,Female,71,3,2,Manager,3,Married,7926,9418,9,Y,No,15,4,2,80,1,9,5,3,3,0,3,0
26,No,Travel_Frequently,1247,Sales,1,2,Human Resources,1,665,1,Female,75,3,1,Sales Executive,1,Married,3554,24559,9,Y,No,24,4,4,80,2,6,3,3,6,1,1,0
33,Yes,Travel_Frequently,1412,Research & Development,1,3,Human Resources,1,666,4,Female,95,3,2,Research Director,3,Divorced,8951,15020,0,Y,No,16,3,2,80,2,8,0,3,5,5,2,3
50,No,Travel_Rarely,1467,Research & Development,4,3,Technical Degree,1,667,4,Male,99,1,4,Laboratory Technician,3,Single,14008,20151,3,Y,No,20,4,1,80,0,32,2,3,12,2,0,5
44,No,Non-Travel,895,Research & Development,2,2,Technical Degree,1,668,4,Female,67,4,4,Manufacturing Director,4,Married,15914,5275,8,Y,No,15,3,2,80,3,21,6,2,17,7,0,10
26,No,Travel_Rarely,618,Sales,1,4,Technical Degree,1,669,2,Male,46,2,1,Sales Representative,3,Single,3899,21802,9,Y,No,11,4,1,80,0,7,3,2,5,3,0,5
35,No,Travel_Rarely,1453,Research & Development,25,3,Marketing,1,670,4,Male,67,2,3,Healthcare Representative,1,Married,9208,16498,0,Y,No,15,4,3,80,1,16,2,3,2,2,1,0
27,Yes,Travel_Rarely,108,Research & Development,2,3,Marketing,1,671,2,Male,61,3,2,Manager,2,Single,7911,15017,2,Y,Yes,21,3,1,80,0,8,0,3,8,5,5,2
39,No,Non-Travel,388,Sales,9,3,Medical,1,672,2,Female,70,2,2,Sales Representative,2,Married,6994,5416,6,Y,No,12,4,1,80,3,14,3,3,1,0,1,0
34,No,Travel_Rarely,1046,Research & Development,9,3,Life Sciences,1,673,3,Male,45,2,3,Manufacturing Director,3,Single,10621,13772,9,Y,No,15,4,4,80,0,12,1,3,4,3,1,0
35,No,Travel_Rarely,1242,Research & Development,6,1,Marketing,1,674,4,Male,38,3,3,Research Scientist,3,Married,10285,13648,2,Y,No,18,4,1,80,3,16,1,3,5,5,1,3
53,No,Travel_Rarely,883,Research & Development,1,3,Other,1,675,3,Female,93,2,4,Manufacturing Director,4,Married,12364,4965,7,Y,No,18,4,2,80,1,29,1,3,2,1,2,2
29,Yes,Travel_Rarely,581,Sales,4,3,Medical,1,676,1,Female,73,2,2,Sales Representative,1,Divorced,7570,7458,1,Y,No,22,3,3,80,3,5,4,3,5,1,1,4
25,Yes,Travel_Rarely,1315,Research & Development,4,4,Medical,1,677,3,Female,36,3,1,Manufacturing Director,3,Divorced,3687,7964,2,Y,No,12,4,4,80,2,0,5,2,0,0,0,0
24,No,Travel_Frequently,429,Research & Development,15,2,Other,1,678,4,Male,96,2,1,Manager,4,Divorced,3703,14913,8,Y,No,12,3,4,80,2,0,1,3,0,0,0,0
34,No,Travel_Frequently,1392,Research & Development,17,2,Marketing,1,679,4,Male,51,4,4,Research Director,4,Single,13138,5546,7,Y,No,18,3,3,80,0,13,2,4,6,0,6,3
32,Yes,Travel_Rarely,1192,Research & Development,15,3,Human Resources,1,680,4,Female,46,2,3,Healthcare Representative,1,Married,9610,20886,7,Y,Yes,15,3,3,80,1,14,5,3,9,7,1,4
42,Yes,Travel_Rarely,1002,Research & Development,10,3,Life Sciences,1,681,2,Male,40,3,4,Healthcare Representative,4,Single,12235,9205,5,Y,Yes,19,4,4,80,0,23,4,3,0,0,0,0
37,No,Travel_Rarely,606,Sales,3,3,Other,1,682,3,Female,80,2,4,Sales Executive,3,Divorced,13244,24338,9,Y,No,11,3,2,80,1,18,6,3,3,3,3,0
30,Yes,Travel_Frequently,764,Research & Development,7,3,Life Sciences,1,683,4,Female,56,4,1,Healthcare Representative,3,Single,5232,13063,8,Y,Yes,24,4,1,80,0,6,3,2,0,0,0,0
38,No,Travel_Rarely,534,Research & Development,7,1,Life Sciences,1,684,3,Female,32,3,5,Research Scientist,3,Single,15905,20946,6,Y,No,20,3,3,80,0,17,3,3,0,0,0,0
29,Yes,Travel_Rarely,1031,Sales,10,1,Human Resources,1,685,4,Male,47,3,2,Manager,1,Single,8666,18181,1,Y,Yes,18,4,3,80,0,9,1,3,4,2,4,1
60,Yes,Travel_Frequently,683,Sales,12,4,Life Sciences,1,686,3,Female,90,3,5,Manager,3,Single,14891,16823,0,Y,No,24,4,2,80,0,40,0,3,1,1,1,0
37,No,Travel_Rarely,1024,Research & Development,15,4,Marketing,1,687,4,Male,89,1,5,Research Scientist,4,Single,17245,6483,0,Y,No,15,4,2,80,0,17,0,2,5,3,1,0
51,Yes,Travel_Rarely,411,Research & Development,7,2,Other,1,688,1,Female,79,3,4,Research Director,2,Married,14475,10474,9,Y,Yes,17,3,4,80,1,30,1,1,12,7,3,8
38,No,Travel_Rarely,216,Research & Development,1,4,Medical,1,689,3,Male,49,3,3,Manufacturing Director,1,Married,10030,3245,0,Y,No,20,4,1,80,3,18,6,3,3,2,0,1
39,No,Travel_Rarely,172,Sales,4,3,Medical,1,690,4,Male,87,2,4,Manager,1,Divorced,13199,7719,2,Y,Yes,12,3,3,80,3,21,1,3,2,0,1,0
28,Yes,Travel_Frequently,627,Research & Development,9,3,Technical Degree,1,691,1,Male,69,3,3,Research Director,1,Divorced,11553,10118,6,Y,No,11,3,4,80,2,9,6,4,0,0,0,0
38,No,Travel_Rarely,1365,Sales,1,3,Medical,1,692,3,Male,32,3,4,Sales Executive,2,Married,13148,8917,2,Y,No,17,4,4,80,1,15,2,3,1,1,1,0
53,No,Travel_Rarely,451,Research & Development,15,4,Other,1,693,1,Male,85,3,3,Research Scientist,3,Single,9149,19804,6,Y,No,23,4,2,80,0,33,5,4,2,2,1,0
28,Yes,Travel_Rarely,1273,Research & Development,18,5,Human Resources,1,694,3,Female,34,2,2,Healthcare Representative,2,Single,7260,18173,4,Y,No,20,3,4,80,0,8,0,3,1,0,1,0
34,Yes,Travel_Frequently,1182,Research & Development,24,4,Other,1,695,3,Male,82,2,2,Manager,3,Married,8201,12532,4,Y,Yes,17,3,4,80,3,10,1,3,6,3,3,4
36,Yes,Travel_Frequently,111,Research & Development,6,4,Medical,1,696,2,Male,30,2,3,Laboratory Technician,2,Married,9324,19007,8,Y,Yes,20,3,4,80,2,18,0,3,3,1,1,3
36,No,Travel_Rarely,270,Research & Development,12,3,Life Sciences,1,697,4,Male,100,3,4,Research Director,3,Married,14065,16028,7,Y,No,15,4,2,80,2,16,1,3,8,6,0,0
38,No,Travel_Rarely,139,Research & Development,2,3,Human Resources,1,698,4,Male,54,3,3,Research Director,2,Married,12879,22931,4,Y,No,23,3,1,80,2,17,0,3,17,10,0,12
31,Yes,Travel_Rarely,289,Research & Development,3,4,Technical Degree,1,699,1,Female,94,3,2,Healthcare Representative,4,Single,7175,7081,2,Y,Yes,21,3,4,80,0,9,4,3,6,4,3,4
18,Yes,Non-Travel,280,Research & Development,4,1,Medical,1,700,3,Female,50,3,1,Research Scientist,1,Married,3794,22402,1,Y,No,23,3,4,80,1,0,4,3,0,0,0,0
35,Yes,Travel_Rarely,279,Research & Development,13,5,Life Sciences,1,701,2,Female,33,2,3,Healthcare Representative,3,Single,11135,5034,2,Y,No,14,3,1,80,0,17,4,2,2,0,2,0
34,No,Travel_Rarely,1002,Research & Development,9,2,Life Sciences,1,702,2,Female,83,2,5,Manufacturing Director,4,Divorced,15409,9262,4,Y,No,17,3,4,80,2,16,0,3,4,0,1,2
31,No,Travel_Frequently,909,Research & Development,8,2,Other,1,703,4,Female,87,3,1,Healthcare Representative,4,Married,6671,2218,8,Y,No,17,4,4,80,1,6,5,2,6,2,0,0
44,No,Travel_Frequently,1147,Sales,2,1,Medical,1,704,1,Female,68,3,4,Sales Representative,1,Divorced,13762,18497,9,Y,No,18,4,2,80,3,20,1,1,13,3,1,8
42,No,Travel_Rarely,681,Research & Development,11,4,Marketing,1,705,2,Female,41,3,5,Laboratory Technician,3,Married,18875,6148,1,Y,No,21,4,1,80,1,22,6,4,20,13,0,9
40,No,Travel_Rarely,813,Research & Development,9,2,Medical,1,706,3,Male,42,2,5,Healthcare Representative,3,Married,16335,5395,0,Y,No,13,3,1,80,2,17,1,3,7,6,4,0
40,Yes,Travel_Rarely,436,Research & Development,11,2,Marketing,1,707,1,Male,37,1,4,Manager,4,Single,12395,24994,3,Y,No,12,4,3,80,0,21,4,3,8,3,0,0
42,No,Travel_Rarely,420,Sales,2,4,Life Sciences,1,708,4,Male,75,3,4,Sales Executive,3,Married,14994,24498,9,Y,No,23,3,1,80,2,20,5,3,17,7,1,10
32,Yes,Travel_Frequently,1060,Research & Development,3,3,Technical Degree,1,709,3,Male,37,1,2,Manager,3,Married,7711,25525,3,Y,Yes,18,3,4,80,1,13,3,3,0,0,0,0
38,Yes,Travel_Rarely,1226,Sales,16,2,Human Resources,1,710,3,Male,76,2,2,Sales Executive,1,Married,7705,13624,7,Y,Yes,24,3,4,80,2,14,0,2,2,1,2,2
40,No,Travel_Rarely,344,Sales,4,2,Medical,1,711,3,Male,61,3,3,Sales Executive,1,Married,11409,21036,5,Y,No,22,3,4,80,2,16,0,3,6,4,4,1
30,No,Travel_Rarely,692,Sales,1,4,Medical,1,712,4,Male,99,3,3,Sales Representative,4,Single,9937,11689,8,Y,No,12,3,3,80,0,9,0,3,3,3,3,3
56,No,Travel_Frequently,736,Sales,3,2,Life Sciences,1,713,3,Male,100,3,5,Manager,4,Married,15973,5066,1,Y,No,11,4,2,80,2,37,0,3,3,2,0,0
44,Yes,Travel_Rarely,1254,Research & Development,29,3,Technical Degree,1,714,4,Female,93,2,5,Healthcare Representative,4,Married,16869,18697,1,Y,Yes,16,4,2,80,1,25,2,2,2,0,0,0
46,No,Travel_Rarely,352,Research & Development,2,3,Human Resources,1,715,1,Male,76,2,4,Manager,1,Married,11457,14685,4,Y,No,23,4,1,80,1,24,4,3,10,9,1,5
52,No,Travel_Rarely,1183,Research & Development,6,3,Life Sciences,1,716,1,Male,81,3,3,Manager,1,Married,11398,6927,7,Y,No,13,4,3,80,3,34,0,3,10,5,6,5
27,No,Travel_Frequently,1477,Research & Development,10,2,Other,1,717,2,Male,33,3,1,Healthcare Representative,3,Married,4479,10720,8,Y,No,25,4,4,80,1,6,4,3,6,4,0,0
34,No,Travel_Rarely,1321,Sales,3,1,Medical,1,718,2,Male,89,1,2,Sales Representative,3,Divorced,8091,18471,5,Y,No,16,4,4,80,1,9,1,3,1,0,1,1
33,Yes,Travel_Frequently,1435,Sales,6,2,Medical,1,719,4,Male,92,3,2,Sales Executive,1,Single,6467,16050,9,Y,Yes,12,4,1,80,0,8,0,3,1,0,1,1
34,No,Travel_Rarely,130,Research & Development,3,4,Human Resources,1,720,1,Female,42,4,2,Research Director,4,Divorced,7609,10814,2,Y,Yes,21,4,4,80,1,13,2,4,0,0,0,0
33,Yes,Travel_Rarely,1284,Research & Development,19,4,Life Sciences,1,721,3,Male,58,2,2,Research Scientist,2,Single,7312,5801,7,Y,Yes,13,4,3,80,0,14,6,3,3,1,0,2
18,No,Travel_Rarely,471,Sales,7,4,Human Resources,1,722,3,Female,99,2,1,Sales Executive,4,Married,3567,4945,2,Y,No,25,3,2,80,3,0,6,3,0,0,0,0
30,Yes,Travel_Rarely,1220,Research & Development,15,4,Technical Degree,1,723,3,Female,85,3,2,Research Director,3,Single,7958,11968,0,Y,No,17,4,3,80,0,6,2,3,6,4,5,2
37,No,Travel_Rarely,815,Research & Development,11,1,Human Resources,1,724,1,Male,54,2,5,Research Scientist,2,Single,14835,10196,3,Y,No,13,3,3,80,0,19,1,1,1,0,1,1
37,No,Travel_Frequently,434,Research & Development,3,5,Other,1,725,4,Male,67,3,3,Manufacturing Director,2,Married,10658,10164,6,Y,No,25,3,4,80,3,16,4,3,16,10,1,9
35,Yes,Travel_Frequently,599,Research & Development,6,3,Human Resources,1,726,3,Male,93,4,3,Manufacturing Director,4,Divorced,10991,15249,3,Y,Yes,12,4,3,80,3,15,3,3,12,7,4,6
33,No,Travel_Rarely,663,Research & Development,13,2,Technical Degree,1,727,2,Male,90,4,2,Research Scientist,3,Single,8508,12530,2,Y,No,21,4,2,80,0,12,2,3,12,8,1,7
22,No,Travel_Rarely,752,Research & Development,5,4,Human Resources,1,728,2,Male,42,3,1,Research Scientist,4,Single,3794,10971,3,Y,No,22,3,1,80,0,4,0,3,4,4,0,2
33,No,Travel_Frequently,326,Research & Development,5,3,Human Resources,1,729,3,Male,53,3,3,Research Scientist,4,Single,11313,26209,0,Y,Yes,15,4,2,80,0,11,3,3,4,1,4,0
47,Yes,Non-Travel,1181,Research & Development,19,4,Medical,1,730,3,Female,97,3,4,Research Director,1,Single,12530,8388,8,Y,No,13,4,3,80,0,24,5,3,0,0,0,0
21,Yes,Travel_Frequently,1194,Research & Development,2,3,Life Sciences,1,731,3,Male,53,3,1,Laboratory Technician,1,Single,2698,13650,6,Y,No,13,4,1,80,0,0,3,2,0,0,0,0
41,No,Travel_Rarely,803,Research & Development,1,4,Medical,1,732,3,Male,36,3,3,Manufacturing Director,4,Married,11729,21122,5,Y,Yes,17,3,3,80,2,20,1,2,17,12,0,8
52,Yes,Travel_Rarely,1185,Research & Development,1,4,Other,1,733,4,Male,48,3,3,Research Scientist,2,Single,9899,17213,7,Y,No,21,3,4,80,0,31,2,3,1,1,1,0
29,No,Travel_Frequently,523,Sales,1,5,Technical Degree,1,734,2,Male,55,3,1,Manager,1,Married,3812,15540,1,Y,No,11,4,4,80,1,5,2,3,2,2,2,0
31,No,Travel_Rarely,470,Research & Development,3,4,Other,1,735,4,Female,35,3,3,Laboratory Technician,4,Married,12152,11185,6,Y,No,23,3,3,80,2,12,3,3,12,2,0,7
33,Yes,Non-Travel,898,Research & Development,16,3,Life Sciences,1,736,4,Male,62,3,2,Healthcare Representative,1,Married,6896,16794,9,Y,No,23,3,2,80,1,13,1,3,2,2,0,2
32,No,Travel_Rarely,650,Research & Development,12,3,Medical,1,737,3,Male,52,3,2,Manager,2,Divorced,7931,5088,6,Y,No,22,4,4,80,1,10,1,3,8,6,0,1
31,No,Travel_Frequently,1436,Research & Development,5,1,Human Resources,1,738,2,Female,74,2,2,Research Scientist,2,Divorced,6358,15713,4,Y,No,25,4,1,80,3,13,6,3,2,2,2,0
23,Yes,Travel_Rarely,1160,Research & Development,14,5,Technical Degree,1,739,4,Male,69,3,1,Laboratory Technician,1,Married,4702,13055,0,Y,No,22,4,3,80,1,0,5,3,0,0,0,0
43,Yes,Travel_Rarely,379,Research & Development,19,1,Marketing,1,740,3,Male,53,3,3,Laboratory Technician,1,Married,10313,26175,2,Y,Yes,17,4,3,80,2,22,6,3,8,2,1,6
25,Yes,Travel_Rarely,1133,Research & Development,6,3,Human Resources,1,741,3,Female,91,3,1,Research Scientist,2,Married,3119,15194,0,Y,Yes,22,4,3,80,1,2,6,2,1,1,1,0
44,No,Travel_Rarely,1285,Research & Development,1,4,Other,1,742,1,Female,31,2,3,Manager,3,Married,10720,17644,3,Y,No,23,3,1,80,2,26,6,2,2,1,2,0
45,No,Non-Travel,524,Research & Development,6,3,Human Resources,1,743,3,Female,98,3,3,Research Director,4,Divorced,11962,24604,3,Y,No,25,3,3,80,3,22,5,2,22,9,4,12
39,No,Travel_Rarely,671,Research & Development,1,3,Human Resources,1,744,2,Female,61,2,3,Manager,3,Single,10901,3873,2,Y,No,23,3,1,80,0,14,3,4,0,0,0,0
36,No,Travel_Rarely,774,Research & Development,27,2,Technical Degree,1,745,4,Male,30,3,5,Research Scientist,3,Married,15093,8638,7,Y,Yes,23,3,4,80,2,17,0,2,2,0,2,0
18,Yes,Travel_Rarely,708,Human Resources,1,4,Technical Degree,1,746,1,Male,68,3,1,Human Resources,1,Single,4111,19348,5,Y,No,23,3,1,80,0,0,5,4,0,0,0,0
42,Yes,Non-Travel,375,Research & Development,27,2,Human Resources,1,747,4,Female,32,1,4,Manager,1,Divorced,12725,9961,9,Y,No,12,4,3,80,2,20,0,3,0,0,0,0
26,No,Travel_Rarely,394,Human Resources,20,2,Technical Degree,1,748,4,Female,68,3,1,Human Resources,1,Married,4167,7412,5,Y,No,14,4,1,80,2,5,4,3,2,0,2,0
40,No,Travel_Rarely,188,Sales,1,3,Technical Degree,1,749,4,Female,75,3,2,Sales Executive,2,Single,6878,13722,3,Y,No,22,4,2,80,0,15,2,2,3,1,3,1
33,Yes,Travel_Frequently,506,Research & Development,2,1,Marketing,1,750,4,Male,46,3,2,Healthcare Representative,2,Married,7513,9657,6,Y,No,11,4,2,80,2,9,3,4,9,5,0,6
41,No,Travel_Rarely,917,Research & Development,1,3,Technical Degree,1,751,3,Female,39,2,4,Research Director,1,Single,14191,16961,9,Y,No,20,4,4,80,0,16,1,3,16,7,5,8
40,No,Travel_Rarely,202,Research & Development,1,4,Human Resources,1,752,1,Male,96,2,4,Research Director,4,Married,13242,10334,9,Y,No,24,3,3,80,3,19,0,3,2,2,2,0
31,Yes,Travel_Rarely,684,Sales,1,1,Life Sciences,1,753,4,Male,39,2,4,Manager,4,Married,12776,9228,4,Y,Yes,12,3,2,80,3,12,1,3,2,2,0,2
25,Yes,Travel_Rarely,791,Research & Development,1,3,Human Resources,1,754,4,Female,59,1,1,Manager,2,Single,5724,3109,9,Y,No,25,4,4,80,0,2,3,3,2,0,1,2
18,No,Non-Travel,415,Research & Development,4,4,Human Resources,1,755,3,Male,67,3,1,Manufacturing Director,3,Married,4324,2314,4,Y,No,14,4,1,80,1,0,3,3,0,0,0,0
36,No,Travel_Rarely,1375,Research & Development,9,3,Other,1,756,3,Female,39,1,3,Research Scientist,4,Married,9929,21452,3,Y,No,19,4,4,80,1,17,1,2,0,0,0,0
37,No,Travel_Frequently,1347,Research & Development,3,4,Marketing,1,757,4,Female,39,3,4,Laboratory Technician,4,Married,14113,17534,0,Y,No,25,4,4,80,2,19,0,3,10,6,2,8
30,No,Travel_Rarely,905,Sales,2,3,Human Resources,1,758,4,Female,76,2,2,Manager,1,Single,6903,10249,9,Y,No,21,3,4,80,0,12,3,3,6,3,0,3
47,Yes,Travel_Rarely,430,Research & Development,2,4,Marketing,1,759,3,Male,35,2,5,Research Scientist,1,Divorced,15170,9910,8,Y,Yes,16,4,4,80,3,25,5,1,2,1,1,0
49,Yes,Travel_Rarely,1061,Sales,6,2,Other,1,760,2,Female,68,1,4,Sales Executive,2,Single,13276,10733,0,Y,No,19,3,4,80,0,29,6,2,6,2,1,5
38,No,Travel_Rarely,307,Research & Development,29,1,Human Resources,1,761,4,Male,42,2,4,Manager,1,Married,14453,13080,8,Y,No,15,4,2,80,2,20,4,3,20,9,3,8
42,No,Travel_Rarely,218,Research & Development,8,3,Other,1,762,3,Female,98,3,3,Laboratory Technician,2,Married,11348,24340,2,Y,No,25,3,4,80,2,17,0,3,11,6,3,6
33,No,Travel_Rarely,367,Research & Development,11,3,Human Resources,1,763,2,Female,77,3,2,Research Scientist,4,Married,8664,18024,8,Y,No,25,4,1,80,1,8,0,3,8,5,8,5
38,No,Travel_Rarely,222,Research & Development,1,3,Life Sciences,1,764,3,Female,60,3,4,Manufacturing Director,1,Divorced,12839,23035,0,Y,No,13,4,4,80,3,20,1,3,3,3,0,0
43,No,Travel_Frequently,760,Research & Development,7,4,Technical Degree,1,765,1,Female,62,3,3,Laboratory Technician,4,Married,9575,11051,9,Y,No,13,3,2,80,1,22,2,3,13,8,2,9
34,No,Non-Travel,1112,Research & Development,2,1,Marketing,1,766,3,Male,93,3,2,Manager,3,Divorced,8666,3808,5,Y,No,22,4,4,80,2,15,3,3,8,7,2,3
60,Yes,Travel_Rarely,573,Research & Development,4,3,Medical,1,767,2,Female,41,3,3,Healthcare Representative,2,Divorced,12313,15960,7,Y,Yes,23,3,1,80,1,35,2,4,13,8,0,3
29,Yes,Travel_Rarely,1044,Research & Development,2,1,Marketing,1,768,3,Male,45,3,1,Research Scientist,2,Single,4810,20859,1,Y,No,23,4,4,80,0,6,3,4,2,2,2,2
57,No,Travel_Rarely,1072,Sales,3,4,Human Resources,1,769,3,Male,41,3,4,Sales Representative,1,Divorced,14416,19856,4,Y,No,14,3,1,80,2,36,6,2,14,7,3,4
29,Yes,Travel_Rarely,1044,Research & Development,2,2,Marketing,1,770,3,Male,78,3,1,Research Director,1,Single,7187,22322,9,Y,Yes,21,3,2,80,0,4,2,2,1,0,1,1
42,Yes,Travel_Rarely,1453,Research & Development,6,3,Medical,1,771,2,Male,39,2,4,Manager,4,Married,12868,21907,9,Y,Yes,19,3,3,80,1,24,4,3,1,1,1,1
50,No,Travel_Rarely,479,Research & Development,2,3,Life Sciences,1,772,1,Female,85,2,4,Manufacturing Director,4,Divorced,15216,22587,2,Y,Yes,25,3,2,80,1,32,3,2,17,10,1,6
27,No,Travel_Frequently,379,Research & Development,6,5,Technical Degree,1,773,2,Female,66,3,1,Research Scientist,4,Married,4914,4873,0,Y,Yes,21,4,2,80,1,3,6,3,3,2,3,3
33,No,Travel_Rarely,928,Research & Development,9,3,Marketing,1,774,4,Female,63,3,3,Healthcare Representative,2,Single,11580,15582,1,Y,No,15,4,3,80,0,13,2,3,3,0,1,0
32,No,Non-Travel,394,Research & Development,29,4,Human Resources,1,775,4,Female,83,3,3,Research Scientist,4,Married,11605,16397,4,Y,No,14,3,1,80,3,10,1,2,10,8,2,7
36,Yes,Travel_Rarely,1313,Research & Development,1,3,Life Sciences,1,776,3,Male,97,2,3,Healthcare Representative,4,Single,9904,25136,4,Y,No,18,4,4,80,0,17,1,3,2,0,1,2
46,No,Travel_Rarely,1280,Research & Development,6,3,Other,1,777,3,Male,77,2,3,Healthcare Representative,1,Divorced,9757,15227,4,Y,No,18,4,3,80,1,26,3,4,1,0,1,0
50,Yes,Travel_Rarely,959,Research & Development,7,4,Technical Degree,1,778,3,Male,71,3,3,Manager,3,Single,12104,13770,5,Y,No,22,4,1,80,0,29,5,2,24,14,5,14
18,No,Non-Travel,698,Research & Development,3,4,Human Resources,1,779,3,Female,37,3,1,Manager,3,Single,5096,13805,1,Y,Yes,17,4,3,80,0,0,2,3,0,0,0,0
36,No,Travel_Rarely,604,Research & Development,13,3,Marketing,1,780,4,Female,82,3,2,Manufacturing Director,4,Married,6634,8450,0,Y,No,25,4,4,80,3,14,6,3,0,0,0,0
41,No,Travel_Rarely,1281,Research & Development,1,4,Technical Degree,1,781,4,Male,92,3,3,Manager,3,Single,8948,6515,4,Y,No,16,3,4,80,0,20,4,3,0,0,0,0
36,No,Travel_Rarely,1388,Research & Development,3,1,Human Resources,1,782,3,Male,100,3,2,Manufacturing Director,4,Married,7550,3573,2,Y,No,21,4,3,80,2,13,0,3,9,6,1,4
43,Yes,Travel_Frequently,850,Research & Development,29,3,Life Sciences,1,783,3,Male,44,3,5,Manager,3,Single,15448,23599,4,Y,Yes,12,4,3,80,0,20,5,2,5,5,2,4
34,No,Travel_Rarely,675,Research & Development,6,4,Medical,1,784,4,Female,51,3,2,Laboratory Technician,3,Single,9085,17142,6,Y,No,24,4,4,80,0,10,2,3,8,8,4,3
42,No,Travel_Rarely,1225,Sales,4,2,Medical,1,785,4,Male,32,3,4,Sales Representative,4,Married,12746,15869,2,Y,No,14,3,4,80,2,23,3,3,3,1,3,0
35,No,Travel_Rarely,676,Research & Development,7,5,Human Resources,1,786,2,Male,89,1,3,Healthcare Representative,4,Single,10817,16729,9,Y,No,16,4,3,80,0,14,0,3,4,1,4,4
30,No,Travel_Rarely,532,Research & Development,1,4,Medical,1,787,2,Male,94,2,1,Manufacturing Director,4,Married,5328,10730,8,Y,No,19,4,4,80,2,5,3,3,5,1,1,5
37,No,Travel_Rarely,894,Research & Development,1,2,Other,1,788,4,Female,42,3,4,Research Scientist,3,Single,11761,18830,2,Y,No,24,3,1,80,0,18,5,3,1,1,1,1
37,No,Travel_Rarely,196,Research & Development,1,3,Human Resources,1,789,4,Male,61,3,4,Manager,3,Single,12912,25485,5,Y,Yes,11,4,4,80,0,16,3,3,4,2,0,0
31,Yes,Travel_Frequently,169,Research & Development,29,2,Other,1,790,1,Female,75,3,1,Research Director,2,Divorced,4668,6254,1,Y,No,19,4,3,80,1,6,4,3,0,0,0,0
22,Yes,Travel_Frequently,1199,Research & Development,2,3,Other,1,791,4,Male,86,3,1,Manufacturing Director,4,Divorced,5517,5824,5,Y,Yes,21,4,4,80,1,3,6,3,3,0,1,0
47,No,Travel_Rarely,968,Research & Development,18,3,Human Resources,1,792,2,Female,84,4,4,Research Scientist,4,Married,13859,11864,0,Y,Yes,12,4,3,80,2,29,1,3,14,7,0,6
48,No,Travel_Rarely,780,Research & Development,18,3,Human Resources,1,793,3,Female,77,2,3,Healthcare Representative,3,Single,9638,25202,4,Y,No,21,3,4,80,0,25,6,3,4,1,4,0
37,No,Travel_Rarely,270,Research & Development,3,4,Marketing,1,794,3,Male,92,3,2,Manager,4,Married,8533,10867,9,Y,No,12,4,2,80,2,13,0,3,11,7,0,4
29,No,Travel_Rarely,365,Sales,1,3,Life Sciences,1,795,4,Male,46,3,1,Sales Executive,2,Married,4483,19658,6,Y,No,15,3,3,80,1,7,1,3,7,4,0,4
37,No,Non-Travel,458,Research & Development,12,3,Marketing,1,796,3,Female,34,3,3,Manager,1,Divorced,10344,6498,2,Y,No,13,3,1,80,2,17,2,3,0,0,0,0
28,No,Travel_Rarely,819,Research & Development,4,2,Other,1,797,2,Female,38,3,1,Laboratory Technician,4,Married,5548,17099,4,Y,No,24,4,1,80,3,3,2,3,3,0,3,3
29,No,Travel_Rarely,640,Sales,4,3,Life Sciences,1,798,2,Male,41,3,2,Sales Representative,4,Married,6483,11879,9,Y,No,11,3,3,80,2,5,1,3,1,1,1,0
58,No,Travel_Rarely,595,Sales,1,4,Marketing,1,799,3,Female,59,3,3,Manager,1,Married,9764,4260,4,Y,No,25,4,3,80,3,39,2,3,9,3,9,6
26,Yes,Travel_Rarely,993,Research & Development,15,2,Technical Degree,1,800,4,Male,84,2,2,Manager,1,Single,7591,5199,8,Y,No,14,3,1,80,0,7,5,3,2,2,2,0
28,Yes,Travel_Rarely,1361,Research & Development,5,2,Other,1,801,1,Female,81,3,1,Research Scientist,4,Single,4790,22766,8,Y,No,16,4,3,80,0,7,2,3,6,3,1,4
47,Yes,Travel_Rarely,1427,Sales,16,2,Other,1,802,1,Female,72,3,3,Sales Representative,1,Single,10855,24880,0,Y,No,21,4,1,80,0,26,6,4,1,1,1,1
41,Yes,Travel_Rarely,756,Research & Development,4,1,Medical,1,803,4,Female,59,2,5,Manufacturing Director,3,Divorced,15676,21332,2,Y,No,13,3,1,80,1,22,0,3,2,2,2,0
33,No,Travel_Rarely,682,Research & Development,1,1,Other,1,804,4,Male,72,3,3,Manager,1,Married,10259,6230,3,Y,No,15,3,4,80,1,11,4,2,5,3,0,1
24,Yes,Travel_Frequently,1275,Research & Development,1,3,Technical Degree,1,805,4,Female,100,3,1,Healthcare Representative,3,Single,4789,22966,5,Y,No,13,4,3,80,0,0,6,4,0,0,0,0
37,No,Travel_Rarely,858,Sales,4,4,Other,1,806,3,Female,58,2,4,Sales Representative,1,Single,13429,10260,6,Y,No,24,4,4,80,0,14,1,3,5,5,0,0
34,No,Non-Travel,897,Human Resources,4,4,Marketing,1,807,4,Male,93,4,2,Human Resources,4,Married,5525,21505,2,Y,No,15,3,1,80,3,11,2,2,1,1,1,0
31,No,Non-Travel,586,Research & Development,27,4,Other,1,808,3,Male,99,3,2,Manager,1,Married,8322,23631,1,Y,No,17,3,4,80,1,8,2,2,2,1,2,0
45,Yes,Travel_Frequently,1236,Research & Development,6,2,Technical Degree,1,809,4,Female,32,3,3,Research Scientist,1,Single,9049,20310,2,Y,No,17,4,1,80,0,26,4,3,0,0,0,0
38,No,Travel_Frequently,1300,Research & Development,8,2,Technical Degree,1,810,2,Female,68,3,4,Manufacturing Director,4,Married,11690,2465,3,Y,No,17,4,2,80,3,14,4,3,1,1,1,1
39,No,Travel_Rarely,334,Sales,21,4,Other,1,811,1,Female,81,3,5,Sales Executive,1,Married,15492,25635,3,Y,Yes,20,4,2,80,3,20,5,2,6,2,1,2
23,No,Travel_Rarely,1112,Research & Development,2,3,Medical,1,812,3,Female,57,4,1,Laboratory Technician,4,Single,3391,3329,1,Y,Yes,15,3,2,80,0,0,0,3,0,0,0,0
18,No,Travel_Rarely,606,Research & Development,1,1,Human Resources,1,813,3,Female,67,3,1,Manager,3,Married,4020,6825,1,Y,No,24,3,1,80,1,0,2,4,0,0,0,0
21,Yes,Travel_Frequently,278,Research & Development,29,2,Marketing,1,814,1,Male,93,3,1,Research Director,4,Divorced,4062,5895,3,Y,No,25,3,2,80,3,2,6,2,2,1,2,0
33,No,Travel_Rarely,881,Research & Development,5,4,Medical,1,815,1,Male,67,3,3,Research Scientist,4,Divorced,9392,16141,3,Y,No,20,3,2,80,3,14,1,3,2,0,0,2
18,Yes,Travel_Rarely,1460,Research & Development,29,3,Technical Degree,1,816,1,Female,85,3,1,Manager,4,Single,5301,23782,2,Y,Yes,17,3,1,80,0,0,3,3,0,0,0,0
20,No,Travel_Frequently,680,Research & Development,6,3,Medical,1,817,3,Male,94,3,1,Manufacturing Director,3,Married,4542,20778,9,Y,No,14,3,3,80,3,2,0,4,1,0,1,0
28,No,Travel_Rarely,118,Research & Development,3,3,Marketing,1,818,1,Female,90,3,2,Manager,3,Married,7890,2833,0,Y,No,12,4,4,80,2,7,6,3,3,3,3,1
57,Yes,Non-Travel,379,Research & Development,4,3,Life Sciences,1,819,3,Female,98,3,3,Laboratory Technician,3,Divorced,10035,6705,0,Y,Yes,18,4,3,80,2,37,1,4,2,1,2,0
42,No,Travel_Rarely,339,Research & Development,1,2,Medical,1,820,2,Male,59,3,4,Manager,1,Married,13230,14317,1,Y,No,22,3,1,80,3,22,1,3,2,2,2,0
35,No,Travel_Rarely,1175,Sales,13,3,Medical,1,821,4,Male,60,1,3,Sales Representative,3,Single,12197,3051,2,Y,No,25,3,4,80,0,15,6,3,10,6,2,8
54,No,Non-Travel,1239,Research & Development,2,1,Other,1,822,2,Female,58,2,3,Manufacturing Director,4,Married,10076,2833,6,Y,No,14,4,1,80,2,34,3,1,10,7,2,9
48,No,Non-Travel,1111,Sales,5,3,Other,1,823,3,Male,77,3,4,Sales Executive,3,Divorced,11507,21504,9,Y,No,15,3,2,80,3,28,4,3,0,0,0,0
37,Yes,Travel_Rarely,753,Sales,5,3,Technical Degree,1,824,3,Female,48,3,2,Sales Executive,2,Married,7976,16648,6,Y,No,12,3,4,80,2,14,3,3,14,7,2,8
35,Yes,Travel_Rarely,679,Research & Development,2,1,Life Sciences,1,825,4,Female,53,3,3,Research Director,3,Single,9630,9971,2,Y,No,25,4,4,80,0,14,1,3,4,1,1,0
39,Yes,Travel_Rarely,438,Sales,1,2,Life Sciences,1,826,4,Female,77,3,3,Sales Representative,2,Divorced,9599,16910,0,Y,No,14,3,4,80,3,16,1,3,1,1,1,0
29,No,Travel_Rarely,1331,Research & Development,24,4,Marketing,1,827,4,Female,47,3,2,Research Director,3,Single,9432,6387,0,Y,No,15,3,1,80,0,9,3,2,5,0,0,1
18,Yes,Travel_Rarely,835,Research & Development,8,4,Marketing,1,828,4,Female,30,1,1,Research Scientist,1,Married,4317,8154,2,Y,Yes,11,4,2,80,1,0,0,2,0,0,0,0
35,No,Travel_Rarely,1154,Research & Development,8,3,Medical,1,829,1,Female,77,2,4,Manager,4,Single,13014,13690,9,Y,No,15,3,2,80,0,16,5,3,6,3,0,2
18,Yes,Travel_Rarely,344,Sales,14,3,Medical,1,830,2,Male,67,2,1,Sales Executive,2,Divorced,5043,26897,5,Y,No,14,3,3,80,1,0,0,2,0,0,0,0
25,Yes,Travel_Rarely,243,Research & Development,1,2,Other,1,831,3,Female,44,1,1,Healthcare Representative,3,Married,3835,14899,7,Y,No,21,4,1,80,2,1,0,3,0,0,0,0
24,Yes,Travel_Rarely,740,Research & Development,1,3,Marketing,1,832,3,Male,54,2,1,Laboratory Technician,3,Single,5547,2800,0,Y,No,11,3,4,80,0,1,3,2,1,1,0,1
44,No,Non-Travel,1119,Research & Development,1,2,Human Resources,1,833,4,Male,82,3,5,Research Director,4,Single,14963,13316,9,Y,No,12,4,3,80,0,23,1,2,1,0,1,0
41,No,Travel_Frequently,611,Research & Development,15,4,Other,1,834,1,Male,92,2,3,Manufacturing Director,1,Single,10740,14068,6,Y,No,16,4,2,80,0,17,4,4,3,1,0,0
27,No,Travel_Rarely,213,Research & Development,1,2,Marketing,1,835,3,Female,83,2,1,Research Director,2,Single,5021,6235,7,Y,No,25,4,3,80,0,4,5,3,4,2,0,1
24,No,Travel_Rarely,1470,Research & Development,5,4,Other,1,836,1,Female,30,3,1,Manufacturing Director,4,Married,4230,11494,5,Y,No,18,4,2,80,1,2,6,3,2,1,0,0
43,No,Travel_Rarely,233,Sales,5,2,Other,1,837,3,Male,80,3,5,Sales Representative,4,Single,14125,18092,6,Y,No,23,4,3,80,0,24,0,4,2,0,2,2
29,No,Travel_Rarely,968,Research & Development,1,1,Human Resources,1,838,3,Male,87,2,3,Laboratory Technician,2,Divorced,10407,24235,9,Y,No,17,3,4,80,1,9,6,3,0,0,0,0
18,No,Travel_Rarely,334,Sales,12,1,Technical Degree,1,839,1,Male,54,3,1,Manager,3,Married,3319,6864,4,Y,No,20,4,2,80,3,0,6,3,0,0,0,0
50,No,Travel_Frequently,175,Sales,29,4,Life Sciences,1,840,1,Male,66,3,5,Sales Representative,4,Divorced,17888,10459,1,Y,No,11,4,2,80,3,31,0,3,16,6,1,10
36,No,Travel_Rarely,1025,Research & Development,2,3,Marketing,1,841,1,Male,100,3,2,Research Director,3,Married,8352,10687,0,Y,Yes,12,3,4,80,1,14,1,3,5,3,0,2
49,No,Travel_Rarely,515,Sales,7,4,Human Resources,1,842,3,Female,55,3,5,Sales Representative,3,Married,15900,7331,6,Y,No,12,4,4,80,1,30,6,3,4,0,0,0
44,No,Travel_Rarely,295,Research & Development,2,3,Medical,1,843,3,Male,89,3,3,Research Director,4,Single,10881,25044,7,Y,Yes,16,3,3,80,0,21,0,2,3,2,1,2
32,No,Travel_Rarely,227,Research & Development,8,2,Technical Degree,1,844,3,Male,51,3,2,Healthcare Representative,3,Married,8870,12577,2,Y,No,24,4,2,80,3,14,2,2,1,0,1,1
18,Yes,Travel_Frequently,1128,Research & Development,25,1,Technical Degree,1,845,4,Female,67,4,1,Research Director,4,Divorced,3256,6688,5,Y,Yes,13,4,3,80,1,0,5,4,0,0,0,0
27,Yes,Travel_Rarely,1369,Research & Development,21,2,Life Sciences,1,846,4,Male,84,4,1,Research Director,3,Divorced,6264,6036,9,Y,No,20,4,4,80,2,7,0,3,7,4,0,4
26,Yes,Travel_Frequently,512,Research & Development,4,1,Technical Degree,1,847,4,Female,53,2,1,Healthcare Representative,4,Divorced,4531,6261,1,Y,Yes,20,3,2,80,2,5,6,3,1,1,1,1
35,Yes,Travel_Rarely,1134,Sales,3,3,Life Sciences,1,848,4,Female,34,2,3,Sales Representative,1,Single,10067,6502,6,Y,No,16,3,2,80,0,17,5,3,10,10,1,6
36,No,Non-Travel,1492,Research & Development,2,3,Human Resources,1,849,2,Male,60,3,2,Healthcare Representative,4,Divorced,8182,7198,0,Y,No,25,3,3,80,2,13,0,3,4,4,0,2
57,Yes,Travel_Rarely,903,Sales,1,3,Technical Degree,1,850,1,Female,36,3,5,Manager,4,Single,14993,4923,4,Y,No,21,4,3,80,0,33,6,3,5,1,0,5
40,No,Travel_Rarely,218,Research & Development,1,4,Marketing,1,851,3,Female,34,1,3,Manufacturing Director,4,Divorced,10478,21405,0,Y,No,19,3,4,80,1,19,0,2,9,5,6,4
26,No,Non-Travel,956,Sales,1,3,Human Resources,1,852,3,Male,84,3,1,Sales Representative,3,Single,6079,4994,3,Y,No,23,4,2,80,0,3,3,4,3,1,0,0
46,No,Non-Travel,816,Research & Development,10,3,Medical,1,853,4,Male,100,3,5,Research Scientist,4,Married,16451,9043,3,Y,No,11,4,2,80,1,23,3,4,13,11,6,4
48,No,Travel_Rarely,358,Research & Development,7,2,Medical,1,854,3,Female,97,3,5,Manufacturing Director,3,Married,16471,19876,3,Y,No,17,3,3,80,1,28,3,3,7,3,2,1
18,No,Travel_Frequently,767,Sales,4,4,Life Sciences,1,855,3,Male,51,3,1,Sales Executive,3,Married,5007,8230,8,Y,No,25,3,3,80,3,0,3,3,0,0,0,0
33,No,Travel_Rarely,697,Sales,3,3,Human Resources,1,856,3,Female,45,4,2,Manager,4,Single,6654,16538,1,Y,No,25,4,3,80,0,8,2,3,1,1,1,0
24,No,Non-Travel,1409,Research & Development,17,4,Human Resources,1,857,3,Female,53,2,1,Laboratory Technician,4,Single,3667,19226,7,Y,No,19,4,1,80,0,5,2,3,5,3,1,0
18,No,Travel_Frequently,433,Research & Development,8,1,Life Sciences,1,858,3,Male,59,3,1,Manager,4,Married,3673,8288,6,Y,No,20,3,3,80,1,0,6,3,0,0,0,0
45,No,Travel_Frequently,290,Research & Development,6,2,Life Sciences,1,859,3,Male,65,3,3,Research Scientist,4,Married,10417,12090,6,Y,No,21,4,3,80,1,23,3,4,10,7,7,4
28,No,Travel_Rarely,1139,Research & Development,6,2,Technical Degree,1,860,3,Female,55,3,1,Manager,3,Married,5277,11815,8,Y,No,22,3,4,80,3,6,5,3,6,0,0,2
44,No,Travel_Rarely,1351,Research & Development,4,3,Other,1,861,1,Female,57,3,4,Healthcare Representative,3,Married,14334,23618,4,Y,No,15,3,3,80,2,20,6,2,12,6,2,6
46,No,Travel_Rarely,503,Research & Development,1,4,Human Resources,1,862,4,Female,35,4,4,Manufacturing Director,1,Single,12961,24931,7,Y,No,18,3,2,80,0,23,5,2,11,6,1,5
31,Yes,Travel_Rarely,1253,Human Resources,13,3,Marketing,1,863,1,Male,42,1,4,Human Resources,4,Single,13641,12306,3,Y,Yes,16,3,1,80,0,10,0,4,5,3,0,1
43,Yes,Travel_Rarely,991,Research & Development,2,2,Other,1,864,4,Female,78,3,3,Manager,1,Married,9656,8096,5,Y,No,12,3,2,80,2,20,4,3,1,1,1,0
32,Yes,Travel_Rarely,1031,Research & Development,3,4,Other,1,865,3,Female,34,3,2,Manager,4,Single,7056,15787,2,Y,No,18,3,2,80,0,8,4,3,8,5,4,5
42,No,Travel_Rarely,1007,Research & Development,29,2,Marketing,1,866,1,Male,80,3,5,Healthcare Representative,3,Married,17534,7329,0,Y,Yes,20,3,3,80,1,19,3,3,12,5,1,3
33,No,Travel_Frequently,306,Sales,2,3,Life Sciences,1,867,1,Female,52,3,3,Sales Executive,4,Divorced,10643,9149,4,Y,No,23,3,4,80,3,14,6,3,4,2,2,3
40,No,Travel_Rarely,1006,Research & Development,17,1,Marketing,1,868,1,Female,78,3,3,Research Scientist,4,Single,9158,17382,2,Y,No,20,3,1,80,0,20,0,2,0,0,0,0
35,Yes,Travel_Rarely,403,Research & Development,20,3,Other,1,869,3,Male,44,2,2,Manufacturing Director,3,Married,8616,24151,7,Y,Yes,20,3,3,80,1,13,3,3,2,0,2,0
55,No,Travel_Frequently,335,Sales,6,4,Medical,1,870,3,Male,33,3,3,Sales Representative,1,Married,11080,13857,2,Y,Yes,20,4,2,80,2,36,3,2,9,2,3,1
49,No,Travel_Rarely,811,Research & Development,11,3,Other,1,871,2,Male,37,3,3,Research Director,3,Married,10294,7667,9,Y,No,16,4,3,80,3,31,3,3,2,1,1,2
37,No,Travel_Rarely,1016,Research & Development,13,4,Marketing,1,872,3,Female,52,3,2,Research Scientist,3,Single,8975,4442,0,Y,No,24,4,1,80,0,13,0,3,8,4,1,2
37,No,Travel_Rarely,1259,Research & Development,1,2,Marketing,1,873,3,Male,41,3,3,Research Director,4,Married,9917,23344,7,Y,Yes,14,4,3,80,2,14,4,2,11,8,0,6
51,No,Travel_Rarely,1344,Research & Development,5,1,Other,1,874,2,Male,71,3,5,Manufacturing Director,3,Married,14136,5508,2,Y,No,14,4,4,80,2,28,0,1,0,0,0,0
33,Yes,Travel_Rarely,1485,Research & Development,14,3,Life Sciences,1,875,3,Female,94,3,2,Research Director,1,Single,6967,18493,6,Y,Yes,23,3,3,80,0,10,6,3,3,1,1,0
26,No,Travel_Rarely,693,Research & Development,15,4,Other,1,876,2,Female,78,3,1,Laboratory Technician,4,Married,4931,4349,4,Y,No,15,4,1,80,3,5,3,2,5,4,1,0
41,Yes,Non-Travel,743,Sales,1,4,Marketing,1,877,4,Female,78,1,3,Sales Executive,2,Married,10178,19744,9,Y,Yes,17,4,4,80,3,22,0,2,8,6,0,3
39,No,Travel_Rarely,887,Sales,7,3,Life Sciences,1,878,4,Male,72,2,4,Sales Executive,4,Single,14129,21699,3,Y,No,15,3,3,80,0,15,0,3,9,7,3,6
39,No,Travel_Rarely,1168,Sales,1,3,Medical,1,879,3,Male,62,3,3,Manager,4,Married,10460,20986,7,Y,No,25,4,3,80,2,19,4,3,2,0,0,1
27,No,Travel_Rarely,934,Research & Development,1,2,Medical,1,880,3,Female,61,4,2,Laboratory Technician,3,Divorced,6567,5197,6,Y,Yes,14,3,3,80,1,4,1,3,4,0,1,2
18,No,Travel_Frequently,211,Research & Development,12,4,Technical Degree,1,881,4,Male,80,3,1,Manufacturing Director,2,Single,6035,19474,2,Y,No,22,3,4,80,0,0,0,3,0,0,0,0
38,No,Non-Travel,1335,Research & Development,3,4,Technical Degree,1,882,3,Male,37,3,3,Research Scientist,3,Single,9479,10045,7,Y,No,21,3,2,80,0,19,4,1,3,0,3,0
32,Yes,Travel_Rarely,238,Research & Development,10,4,Human Resources,1,883,1,Male,62,3,3,Manufacturing Director,4,Married,10017,18266,6,Y,Yes,25,3,1,80,2,13,0,3,1,1,1,1
48,No,Travel_Rarely,793,Sales,7,2,Life Sciences,1,884,3,Female,35,3,3,Sales Representative,1,Married,9136,23413,9,Y,Yes,17,4,4,80,1,25,2,3,2,0,2,0
45,No,Non-Travel,160,Research & Development,1,5,Marketing,1,885,1,Male,91,2,5,Manager,4,Married,15531,24782,2,Y,No,12,4,2,80,3,26,5,3,4,0,3,3
38,Yes,Travel_Rarely,1430,Research & Development,1,2,Marketing,1,886,1,Female,69,2,5,Laboratory Technician,2,Married,15224,11602,4,Y,Yes,13,4,2,80,1,19,6,4,8,6,2,5
55,No,Travel_Rarely,313,Research & Development,10,2,Other,1,887,3,Female,69,3,5,Manager,4,Married,17117,18313,5,Y,Yes,14,3,3,80,2,37,1,2,8,4,1,1
29,Yes,Travel_Frequently,1085,Sales,29,3,Marketing,1,888,2,Male,78,3,2,Sales Executive,4,Married,6654,25396,6,Y,Yes,17,4,3,80,3,9,4,2,3,2,0,3
39,Yes,Travel_Rarely,514,Research & Development,7,1,Human Resources,1,889,2,Male,68,2,4,Laboratory Technician,2,Married,13020,24197,8,Y,Yes,19,3,3,80,1,18,1,3,6,4,0,2
36,Yes,Travel_Rarely,813,Research & Development,20,2,Human Resources,1,890,3,Male,50,3,3,Manager,2,Divorced,11735,26968,8,Y,Yes,21,4,3,80,1,12,4,2,10,8,1,5
33,Yes,Travel_Rarely,1143,Research & Development,5,4,Life Sciences,1,891,3,Female,88,3,2,Manager,1,Married,8244,9049,4,Y,Yes,15,4,4,80,3,11,5,3,2,2,1,2
20,No,Travel_Rarely,1174,Research & Development,2,1,Human Resources,1,892,4,Male,63,4,1,Research Director,3,Married,4522,25550,7,Y,No,12,4,4,80,1,0,3,2,0,0,0,0
28,No,Travel_Rarely,773,Research & Development,1,4,Life Sciences,1,893,4,Female,32,4,3,Manufacturing Director,4,Single,10330,11211,5,Y,No,23,3,2,80,0,10,5,3,8,5,1,3
32,No,Travel_Rarely,1205,Sales,3,2,Medical,1,894,2,Female,71,3,2,Manager,1,Divorced,8641,25219,7,Y,No,17,3,1,80,1,12,6,1,11,8,1,2
24,Yes,Travel_Rarely,1226,Research & Development,12,3,Other,1,895,2,Female,78,3,1,Research Scientist,4,Married,4565,21790,5,Y,No,12,3,1,80,2,3,0,3,3,3,1,1
37,No,Non-Travel,875,Research & Development,21,3,Medical,1,896,2,Female,61,3,2,Manufacturing Director,3,Married,8876,9716,1,Y,No,19,3,2,80,1,13,5,3,9,2,0,5
42,No,Travel_Rarely,186,Research & Development,11,4,Technical Degree,1,897,3,Male,95,3,5,Manager,4,Divorced,16854,22221,8,Y,No,25,4,2,80,1,17,6,4,15,8,5,9
20,No,Travel_Rarely,645,Human Resources,10,3,Marketing,1,898,4,Female,49,3,1,Human Resources,4,Divorced,5539,2832,7,Y,No,17,4,3,80,1,0,2,3,0,0,0,0
47,No,Travel_Rarely,805,Research & Development,12,4,Life Sciences,1,899,3,Male,61,3,4,Manufacturing Director,3,Single,13676,19308,5,Y,Yes,21,4,4,80,0,29,2,2,6,4,0,6
37,No,Non-Travel,1129,Sales,5,1,Medical,1,900,4,Male,81,3,3,Manager,3,Divorced,10136,12394,1,Y,No,12,3,4,80,3,19,5,2,2,2,0,2
45,No,Travel_Rarely,403,Sales,1,4,Marketing,1,901,3,Female,32,3,4,Sales Representative,3,Single,12156,26354,5,Y,No,22,3,2,80,0,20,2,3,3,0,0,0
18,Yes,Travel_Rarely,620,Research & Development,1,4,Human Resources,1,902,2,Male,37,2,1,Research Scientist,3,Divorced,3401,13712,1,Y,No,14,3,2,80,2,0,4,3,0,0,0,0
35,Yes,Travel_Rarely,1135,Research & Development,8,1,Medical,1,903,1,Female,91,4,2,Healthcare Representative,4,Single,6093,23233,3,Y,No,24,4,4,80,0,12,0,3,1,0,1,1
22,Yes,Travel_Rarely,262,Sales,18,3,Technical Degree,1,904,2,Female,74,3,1,Sales Representative,2,Single,4264,8976,9,Y,No,25,4,2,80,0,3,5,4,1,0,1,1
39,No,Travel_Frequently,1305,Research & Development,14,1,Marketing,1,905,2,Female,58,2,3,Manufacturing Director,2,Divorced,11681,12286,8,Y,No,23,3,3,80,1,20,4,2,17,11,10,7
48,No,Travel_Rarely,457,Sales,2,3,Human Resources,1,906,4,Female,38,3,3,Sales Executive,2,Married,12431,18969,5,Y,No,13,4,4,80,2,28,1,1,8,2,8,6
29,No,Travel_Rarely,936,Research & Development,1,4,Life Sciences,1,907,3,Female,76,1,1,Healthcare Representative,3,Single,4638,22210,8,Y,No,15,4,3,80,0,6,2,2,1,1,0,1
22,No,Travel_Frequently,148,Sales,3,4,Other,1,908,1,Male,83,4,1,Sales Executive,3,Single,5151,5522,6,Y,No,21,4,3,80,0,2,5,4,2,2,0,0
35,No,Travel_Rarely,401,Sales,1,3,Other,1,909,4,Male,33,3,3,Manager,3,Divorced,8633,19430,3,Y,Yes,21,4,3,80,2,16,3,3,3,1,0,3
18,Yes,Travel_Rarely,365,Research & Development,2,3,Life Sciences,1,910,1,Female,62,3,1,Research Scientist,3,Single,4117,8364,8,Y,Yes,18,3,3,80,0,0,1,3,0,0,0,0
33,No,Travel_Rarely,641,Research & Development,29,4,Life Sciences,1,911,4,Male,87,3,2,Manager,1,Single,9515,15172,9,Y,No,16,3,1,80,0,13,5,3,13,7,8,4
30,No,Travel_Rarely,1358,Research & Development,3,3,Other,1,912,3,Female,60,3,2,Research Director,4,Married,8447,4521,3,Y,Yes,17,3,3,80,2,9,3,3,0,0,0,0
25,No,Travel_Frequently,627,Research & Development,29,4,Life Sciences,1,913,4,Male,96,3,1,Research Director,3,Divorced,3736,21324,5,Y,No,22,3,2,80,1,1,4,1,0,0,0,0
43,No,Travel_Frequently,118,Research & Development,1,3,Human Resources,1,914,3,Male,62,3,5,Research Scientist,4,Married,15222,18823,8,Y,No,17,4,2,80,1,20,6,2,1,1,1,0
39,No,Travel_Rarely,1497,Sales,9,3,Medical,1,915,2,Male,84,3,4,Manager,1,Single,13289,17985,6,Y,No,21,4,4,80,0,19,4,3,5,1,0,2
58,No,Travel_Rarely,1038,Research & Development,2,2,Medical,1,916,2,Female,65,3,5,Research Director,3,Married,16158,4944,1,Y,No,22,4,4,80,3,33,4,3,2,1,0,0
22,No,Travel_Rarely,976,Sales,1,4,Technical Degree,1,917,2,Male,60,3,1,Sales Representative,3,Single,5111,25772,0,Y,No,25,3,2,80,0,0,4,2,0,0,0,0
45,Yes,Travel_Frequently,883,Research & Development,4,2,Life Sciences,1,918,2,Male,82,3,3,Laboratory Technician,3,Single,11155,20224,0,Y,No,20,4,4,80,0,26,3,3,9,4,1,2
35,Yes,Non-Travel,134,Research & Development,2,4,Human Resources,1,919,3,Male,74,3,2,Manager,4,Divorced,6417,10123,9,Y,Yes,13,4,3,80,3,13,0,4,5,2,0,5
29,Yes,Travel_Rarely,1128,Sales,1,2,Technical Degree,1,920,3,Female,76,4,2,Manager,4,Single,6382,26272,0,Y,No,13,3,3,80,0,8,2,3,3,0,3,2
51,Yes,Travel_Rarely,1251,Sales,2,1,Other,1,921,3,Female,32,3,3,Manager,3,Single,11497,17838,5,Y,No,12,3,3,80,0,26,4,2,2,0,1,2
26,No,Travel_Rarely,878,Research & Development,10,2,Medical,1,922,3,Female,70,3,2,Research Scientist,3,Married,7615,21176,0,Y,No,18,3,3,80,1,6,2,3,2,1,2,0
30,No,Travel_Rarely,595,Research & Development,3,5,Medical,1,923,3,Female,68,3,1,Manager,4,Single,3791,5782,5,Y,Yes,14,4,4,80,0,5,4,1,5,5,0,5
32,No,Travel_Rarely,559,Research & Development,3,2,Life Sciences,1,924,1,Female,73,3,3,Research Scientist,2,Married,12276,10953,7,Y,No,15,3,2,80,2,11,3,4,10,6,2,5
18,Yes,Travel_Rarely,192,Research & Development,1,4,Human Resources,1,925,4,Female,49,2,1,Laboratory Technician,2,Divorced,2984,19490,4,Y,No,21,3,3,80,2,0,6,4,0,0,0,0
38,No,Travel_Frequently,697,Research & Development,9,3,Other,1,926,4,Female,45,3,4,Manager,3,Single,10618,20312,5,Y,No,22,4,3,80,0,20,4,3,4,3,0,4
35,No,Travel_Rarely,1278,Sales,13,1,Marketing,1,927,4,Female,34,3,3,Sales Representative,3,Married,10210,18113,8,Y,No,17,3,1,80,1,17,4,3,1,1,1,1
31,Yes,Travel_Rarely,1195,Research & Development,14,3,Medical,1,928,4,Male,98,1,1,Manager,4,Married,5204,9119,4,Y,No,23,3,3,80,3,7,1,1,4,4,3,1
37,Yes,Travel_Rarely,650,Research & Development,2,1,Human Resources,1,929,3,Female,96,3,2,Laboratory Technician,4,Single,7132,2826,3,Y,No,22,3,3,80,0,15,5,3,1,1,1,1
46,No,Travel_Rarely,901,Sales,4,4,Other,1,930,4,Female,84,3,4,Sales Representative,4,Married,14927,21206,1,Y,Yes,12,3,4,80,3,28,5,2,5,3,5,0
41,No,Travel_Rarely,660,Sales,1,4,Marketing,1,931,4,Female,78,4,5,Sales Executive,3,Married,16565,14293,3,Y,Yes,13,4,4,80,3,22,5,3,17,11,2,9
39,No,Travel_Rarely,980,Sales,13,3,Human Resources,1,932,4,Female,95,3,4,Sales Executive,3,Single,14745,11954,1,Y,Yes,19,4,1,80,0,20,6,3,1,0,1,1
33,Yes,Travel_Rarely,1090,Research & Development,1,3,Medical,1,933,3,Male,35,3,2,Laboratory Technician,1,Single,7352,26090,9,Y,Yes,11,4,3,80,0,12,5,3,1,0,0,1
31,Yes,Travel_Frequently,900,Human Resources,4,4,Medical,1,934,2,Female,58,3,2,Human Resources,3,Married,7306,3559,3,Y,No,25,3,3,80,1,13,3,3,4,0,3,1
44,No,Travel_Rarely,790,Sales,3,3,Human Resources,1,935,1,Male,44,1,4,Sales Representative,3,Divorced,12168,25200,9,Y,No,18,3,3,80,3,20,0,3,0,0,0,0
22,Yes,Travel_Rarely,109,Research & Development,29,2,Life Sciences,1,936,2,Female,47,3,1,Research Director,4,Single,6114,7803,1,Y,No,17,3,4,80,0,0,4,3,0,0,0,0
34,Yes,Travel_Rarely,621,Sales,16,3,Life Sciences,1,937,2,Male,78,3,3,Manager,2,Single,10038,20899,3,Y,No,23,4,4,80,0,11,0,3,5,0,4,3
42,No,Travel_Rarely,809,Research & Development,7,2,Life Sciences,1,938,3,Female,82,3,3,Research Scientist,3,Divorced,9504,18488,7,Y,Yes,25,3,3,80,3,19,4,3,5,3,3,2
35,No,Travel_Rarely,1445,Sales,1,3,Technical Degree,1,939,4,Male,88,2,2,Manager,3,Married,7077,24255,3,Y,No,24,3,1,80,2,12,5,3,1,1,1,0
38,No,Travel_Rarely,546,Research & Development,14,4,Medical,1,940,3,Female,44,3,3,Laboratory Technician,4,Single,11319,19834,1,Y,Yes,16,4,4,80,0,15,0,3,15,5,12,9
47,No,Travel_Rarely,1259,Research & Development,16,4,Technical Degree,1,941,4,Female,88,3,4,Research Scientist,2,Married,14276,7064,2,Y,No,17,3,3,80,2,25,2,3,11,3,1,6
29,No,Travel_Frequently,171,Human Resources,7,3,Life Sciences,1,942,4,Female,86,3,1,Human Resources,3,Married,5667,16535,7,Y,No,18,4,2,80,3,5,3,2,5,2,1,0
49,No,Travel_Rarely,690,Research & Development,6,3,Medical,1,943,1,Female,55,4,5,Healthcare Representative,3,Married,15893,7466,3,Y,Yes,14,3,1,80,2,30,0,3,7,4,0,7
38,Yes,Travel_Rarely,1137,Research & Development,1,3,Marketing,1,944,2,Male,73,3,2,Laboratory Technician,3,Married,6534,10038,7,Y,No,22,3,2,80,1,14,0,3,5,1,5,1
40,No,Travel_Rarely,942,Research & Development,6,4,Human Resources,1,945,2,Female,68,3,4,Research Director,2,Single,11697,6419,5,Y,Yes,16,3,1,80,0,19,3,3,0,0,0,0
18,No,Non-Travel,529,Research & Development,7,1,Other,1,946,4,Male,46,3,1,Research Director,1,Divorced,4598,19786,7,Y,No,20,4,4,80,1,0,1,4,0,0,0,0
46,Yes,Travel_Rarely,186,Research & Development,1,3,Life Sciences,1,947,2,Female,52,1,3,Manager,1,Married,10213,19365,7,Y,No,15,4,3,80,1,22,5,1,1,0,1,0
55,No,Travel_Rarely,138,Research & Development,12,1,Other,1,948,1,Female,42,3,4,Laboratory Technician,4,Divorced,13201,13743,2,Y,Yes,17,4,3,80,1,32,2,2,2,2,2,2
34,Yes,Travel_Rarely,1319,Research & Development,6,4,Technical Degree,1,949,3,Female,49,3,2,Manager,3,Married,8637,9601,2,Y,Yes,17,4,3,80,2,13,0,3,1,1,1,0
35,No,Travel_Rarely,360,Research & Development,5,1,Life Sciences,1,950,1,Male,60,3,4,Manager,1,Single,13043,9527,2,Y,Yes,20,4,1,80,0,16,6,3,5,5,2,5
44,No,Travel_Rarely,1043,Research & Development,6,3,Technical Degree,1,951,3,Male,68,4,5,Laboratory Technician,1,Divorced,15135,24900,1,Y,Yes,23,4,3,80,3,21,1,4,5,3,5,5
31,No,Travel_Rarely,493,Sales,1,3,Technical Degree,1,952,4,Male,69,3,4,Manager,3,Single,12202,8567,5,Y,No,24,4,4,80,0,12,4,3,1,1,1,1
45,No,Travel_Rarely,959,Research & Development,3,3,Marketing,1,953,2,Female,36,2,4,Healthcare Representative,3,Married,13285,22622,0,Y,No,22,3,1,80,1,24,4,3,15,7,6,5
34,No,Travel_Rarely,1391,Research & Development,4,2,Technical Degree,1,954,3,Male,37,3,2,Manufacturing Director,3,Divorced,7050,5379,5,Y,No,13,4,1,80,1,10,1,3,3,3,3,1
48,Yes,Travel_Rarely,425,Sales,21,2,Medical,1,955,2,Female,98,3,4,Sales Executive,2,Married,12517,22979,3,Y,Yes,24,4,3,80,1,24,4,3,5,4,4,4
28,No,Non-Travel,987,Sales,2,3,Life Sciences,1,956,4,Male,68,3,3,Sales Representative,1,Single,9366,16947,6,Y,No,12,4,3,80,0,8,2,3,3,2,3,1
43,No,Travel_Rarely,575,Research & Development,2,4,Other,1,957,4,Female,81,3,4,Manager,4,Married,12803,21344,0,Y,No,15,4,2,80,2,23,6,3,7,6,0,1
40,No,Travel_Rarely,968,Research & Development,6,3,Other,1,958,2,Male,69,1,5,Laboratory Technician,2,Divorced,15066,5418,2,Y,Yes,13,4,4,80,1,17,6,3,4,4,0,2
30,Yes,Travel_Rarely,1305,Research & Development,15,2,Marketing,1,959,1,Male,64,3,2,Research Director,4,Single,7450,22870,0,Y,Yes,15,3,2,80,0,9,1,3,2,1,1,1
50,Yes,Travel_Rarely,559,Sales,1,3,Technical Degree,1,960,1,Female,69,3,3,Sales Representative,2,Married,12888,22123,4,Y,No,25,3,4,80,3,27,4,4,13,5,0,7
34,No,Travel_Rarely,1200,Research & Development,26,4,Marketing,1,961,4,Female,76,2,4,Healthcare Representative,1,Single,13791,25559,6,Y,No,14,4,3,80,0,10,1,3,10,3,0,2
52,Yes,Travel_Rarely,684,Research & Development,1,3,Marketing,1,962,1,Female,83,1,3,Research Scientist,4,Married,11291,26104,1,Y,No,24,3,1,80,2,29,5,3,7,4,1,0
37,Yes,Travel_Rarely,819,Sales,6,2,Human Resources,1,963,2,Female,34,4,2,Manager,3,Married,8912,23748,9,Y,No,17,4,3,80,3,13,3,4,7,5,1,3
37,No,Travel_Rarely,160,Research & Development,1,4,Medical,1,964,2,Female,98,3,4,Healthcare Representative,2,Married,14099,9366,0,Y,No,23,4,3,80,3,17,4,1,12,4,3,7
19,Yes,Non-Travel,1251,Sales,4,3,Other,1,965,1,Female,73,3,1,Manager,3,Single,4378,18196,1,Y,No,12,4,3,80,0,0,2,3,0,0,0,0
35,No,Travel_Rarely,597,Sales,3,4,Technical Degree,1,966,3,Male,32,3,3,Sales Representative,4,Married,13735,24278,3,Y,Yes,12,4,2,80,2,17,3,3,17,10,3,10
32,No,Travel_Rarely,176,Research & Development,2,3,Technical Degree,1,967,3,Male,100,3,2,Laboratory Technician,4,Married,8284,8935,9,Y,No,24,4,2,80,1,14,3,4,13,5,0,6
32,Yes,Travel_Rarely,998,Research & Development,4,1,Marketing,1,968,2,Female,82,4,2,Laboratory Technician,4,Single,7771,12386,4,Y,Yes,17,4,4,80,0,11,1,3,5,1,4,3
26,No,Travel_Rarely,311,Research & Development,4,2,Human Resources,1,969,4,Male,53,3,1,Research Scientist,2,Single,4585,13871,1,Y,Yes,21,4,2,80,0,1,4,3,1,0,1,1
34,Yes,Travel_Rarely,498,Research & Development,17,4,Other,1,970,3,Male,83,1,2,Research Director,2,Married,7369,4810,5,Y,Yes,13,4,2,80,2,11,3,3,0,0,0,0
23,Yes,Travel_Rarely,1193,Sales,1,2,Marketing,1,971,1,Female,34,3,1,Sales Representative,2,Married,5340,24882,2,Y,Yes,17,4,2,80,2,3,5,2,2,0,2,0
32,No,Travel_Frequently,1449,Research & Development,9,3,Human Resources,1,972,1,Female,48,3,2,Research Scientist,3,Single,6754,12048,7,Y,No,17,3,4,80,0,13,2,2,0,0,0,0
39,No,Travel_Rarely,1274,Research & Development,1,1,Life Sciences,1,973,4,Male,65,3,3,Manufacturing Director,3,Single,9315,3659,6,Y,No,18,3,2,80,0,17,2,3,0,0,0,0
31,No,Travel_Rarely,630,Research & Development,2,4,Life Sciences,1,974,1,Female,97,4,3,Research Scientist,4,Single,9258,16832,0,Y,No,20,3,1,80,0,9,1,2,2,0,0,1
25,No,Travel_Rarely,176,Research & Development,15,3,Marketing,1,975,3,Female,40,2,2,Research Director,1,Divorced,7932,2970,8,Y,No,20,4,3,80,3,6,5,4,0,0,0,0
32,No,Travel_Rarely,606,Research & Development,4,2,Medical,1,976,4,Male,81,3,3,Manufacturing Director,3,Married,11016,5584,0,Y,No,11,4,3,80,3,10,6,3,4,4,4,0
21,Yes,Travel_Rarely,450,Research & Development,7,3,Other,1,977,1,Male,41,1,1,Laboratory Technician,4,Single,4428,10877,4,Y,No,15,3,3,80,0,0,6,1,0,0,0,0
25,Yes,Travel_Rarely,1366,Research & Development,9,3,Medical,1,978,2,Female,53,4,1,Manufacturing Director,2,Single,4381,14700,6,Y,No,16,3,2,80,0,2,5,1,2,2,0,0
33,No,Travel_Frequently,1375,Sales,2,5,Other,1,979,4,Male,49,3,3,Sales Representative,4,Divorced,11885,17795,6,Y,Yes,19,4,4,80,3,11,5,3,10,6,3,6
48,No,Travel_Rarely,907,Human Resources,2,2,Medical,1,980,2,Female,54,3,4,Human Resources,3,Single,13208,14250,4,Y,No,17,4,1,80,0,24,3,3,4,4,0,4
40,No,Travel_Rarely,360,Sales,3,5,Life Sciences,1,981,4,Female,37,4,3,Sales Representative,4,Married,11642,12883,0,Y,Yes,20,3,2,80,1,17,3,3,4,4,4,2
37,No,Travel_Frequently,1150,Sales,1,4,Other,1,982,3,Female,47,1,4,Sales Executive,1,Married,13317,23561,3,Y,No,19,4,1,80,3,18,5,2,3,1,3,0
53,No,Non-Travel,960,Research & Development,21,4,Other,1,983,4,Female,38,4,4,Manager,2,Married,12978,21948,2,Y,No,13,3,4,80,2,28,6,3,0,0,0,0
48,No,Travel_Rarely,750,Sales,1,4,Technical Degree,1,984,3,Female,38,2,4,Sales Executive,4,Single,11842,15654,7,Y,No,17,4,3,80,0,26,0,3,0,0,0,0
39,No,Travel_Frequently,440,Sales,11,3,Life Sciences,1,985,3,Female,53,3,4,Manager,3,Single,13151,12351,2,Y,No,25,4,3,80,0,19,6,2,10,5,2,7
36,Yes,Travel_Rarely,814,Research & Development,13,4,Other,1,986,3,Female,37,2,3,Laboratory Technician,3,Single,12210,23075,6,Y,Yes,22,3,2,80,0,17,6,3,14,10,6,10
26,Yes,Travel_Rarely,1376,Research & Development,10,1,Marketing,1,987,1,Female,70,3,1,Laboratory Technician,1,Married,4874,13389,9,Y,No,20,4,2,80,3,2,3,3,2,1,1,2
38,No,Travel_Rarely,973,Human Resources,15,5,Human Resources,1,988,3,Female,48,1,2,Human Resources,2,Single,6538,13731,6,Y,No,21,4,2,80,0,15,6,4,0,0,0,0
33,No,Travel_Frequently,452,Research & Development,1,2,Marketing,1,989,2,Male,44,4,3,Research Director,3,Single,10649,3382,7,Y,No,21,3,1,80,0,15,0,3,3,2,3,3
41,No,Travel_Rarely,770,Sales,1,1,Marketing,1,990,3,Male,38,3,4,Sales Representative,1,Married,12794,7238,9,Y,Yes,22,4,3,80,2,23,2,3,0,0,0,0
30,No,Travel_Rarely,1473,Research & Development,1,3,Life Sciences,1,991,2,Female,64,1,2,Manufacturing Director,1,Married,7341,24468,2,Y,Yes,25,4,4,80,1,10,1,3,0,0,0,0
45,No,Travel_Frequently,619,Research & Development,1,4,Technical Degree,1,992,3,Male,38,1,5,Research Scientist,3,Married,18003,2712,6,Y,No,12,4,1,80,3,26,3,2,14,8,3,8
36,Yes,Travel_Rarely,1350,Research & Development,11,3,Marketing,1,993,1,Male,82,3,4,Research Director,1,Single,14024,22255,9,Y,No,22,4,1,80,0,13,0,3,9,7,0,4
35,No,Travel_Rarely,728,Research & Development,1,2,Other,1,994,3,Male,93,4,3,Laboratory Technician,2,Married,10460,15351,2,Y,Yes,16,3,4,80,2,15,4,3,7,0,7,5
26,No,Travel_Frequently,1194,Research & Development,3,3,Medical,1,995,3,Male,94,4,1,Manufacturing Director,1,Divorced,4226,2323,9,Y,Yes,18,3,2,80,2,1,6,2,1,1,1,0
33,No,Travel_Rarely,1315,Sales,29,2,Medical,1,996,3,Female,100,3,3,Sales Representative,3,Married,10572,9417,0,Y,No,22,4,4,80,2,11,6,2,7,3,1,4
32,No,Travel_Frequently,514,Research & Development,10,1,Marketing,1,997,4,Female,78,2,2,Manufacturing Director,4,Single,5993,25336,8,Y,No,20,4,3,80,0,14,0,4,5,4,5,5
47,No,Travel_Frequently,1399,Research & Development,1,3,Other,1,998,3,Male,72,3,4,Healthcare Representative,3,Married,15354,24898,6,Y,No,25,3,3,80,3,29,6,3,8,4,7,3
40,No,Travel_Rarely,1266,Research & Development,6,3,Other,1,999,4,Male,31,1,3,Healthcare Representative,4,Married,10567,23230,0,Y,No,18,3,3,80,2,17,3,3,9,4,9,2
26,No,Travel_Rarely,1027,Human Resources,3,2,Other,1,1000,3,Female,75,3,1,Human Resources,2,Divorced,6092,20707,1,Y,No,22,4,4,80,3,4,0,3,4,0,1,4
50,No,Non-Travel,1179,Research & Development,2,3,Other,1,1001,4,Female,69,3,3,Research Director,3,Married,8342,9240,4,Y,No,21,3,3,80,1,32,3,4,4,1,2,3
44,No,Travel_Rarely,760,Research & Development,14,4,Other,1,1002,3,Female,66,2,4,Healthcare Representative,2,Single,12302,2541,3,Y,No,25,3,3,80,0,20,3,2,0,0,0,0
26,Yes,Travel_Rarely,364,Research & Development,1,2,Marketing,1,1003,4,Male,61,3,1,Research Director,2,Married,5349,10870,7,Y,No,18,3,3,80,2,6,2,2,6,2,3,2
25,Yes,Travel_Frequently,429,Sales,3,3,Medical,1,1004,4,Female,43,3,1,Manager,4,Divorced,5239,20149,9,Y,Yes,14,3,3,80,2,7,5,3,7,5,0,4
45,Yes,Travel_Rarely,798,Sales,5,3,Technical Degree,1,1005,3,Male,72,2,4,Sales Executive,4,Married,14230,3766,2,Y,Yes,17,3,2,80,2,25,5,1,14,10,7,6
36,No,Travel_Frequently,393,Research & Development,3,4,Human Resources,1,1006,3,Male,84,3,3,Research Director,4,Married,11577,20536,0,Y,No,13,3,4,80,1,16,1,3,4,2,4,3
46,No,Travel_Rarely,885,Sales,5,3,Life Sciences,1,1007,2,Female,53,3,3,Manager,3,Married,9572,25952,1,Y,Yes,19,3,3,80,1,21,5,3,0,0,0,0
37,Yes,Travel_Frequently,674,Research & Development,1,3,Other,1,1008,1,Female,53,3,3,Manager,3,Single,10803,16971,0,Y,No,16,4,4,80,0,17,4,3,0,0,0,0
27,Yes,Travel_Frequently,1289,Research & Development,24,1,Medical,1,1009,4,Male,71,3,1,Healthcare Representative,3,Divorced,3259,6594,4,Y,Yes,18,4,4,80,2,7,0,2,1,0,1,1
42,No,Travel_Rarely,660,Sales,15,2,Other,1,1010,3,Male,83,3,4,Sales Executive,4,Single,15537,12516,7,Y,No,18,4,2,80,0,20,6,3,17,8,17,10
56,No,Travel_Rarely,1111,Research & Development,5,4,Human Resources,1,1011,4,Female,39,1,5,Research Director,4,Married,15302,23244,8,Y,No,17,3,2,80,1,36,2,3,3,0,0,0
25,Yes,Travel_Rarely,841,Research & Development,16,3,Medical,1,1012,2,Female,60,2,1,Research Scientist,1,Married,4302,14319,4,Y,Yes,12,4,1,80,3,3,6,3,3,3,3,0
48,Yes,Travel_Rarely,565,Research & Development,7,3,Human Resources,1,1013,3,Male,58,3,4,Research Director,3,Married,11984,16008,8,Y,No,20,4,4,80,1,29,5,1,4,2,3,2
28,Yes,Travel_Rarely,1071,Sales,9,3,Marketing,1,1014,2,Male,50,3,2,Manager,4,Married,6982,24575,3,Y,No,22,3,1,80,3,9,0,1,0,0,0,0
60,No,Non-Travel,630,Research & Development,14,3,Marketing,1,1015,4,Female,51,3,4,Healthcare Representative,1,Single,14044,3934,4,Y,No,12,4,1,80,0,37,2,3,7,7,6,1
48,No,Non-Travel,873,Research & Development,13,4,Life Sciences,1,1016,4,Male,30,3,5,Manufacturing Director,4,Divorced,15476,19467,5,Y,No,16,4,3,80,2,27,6,3,1,1,1,1
50,No,Travel_Frequently,1284,Research & Development,6,3,Life Sciences,1,1017,2,Female,85,3,5,Manager,1,Married,15800,8945,2,Y,No,15,4,2,80,1,31,6,2,2,2,2,1
37,No,Travel_Rarely,945,Research & Development,1,4,Life Sciences,1,1018,4,Male,45,2,3,Research Director,2,Married,11076,18480,3,Y,No,11,4,2,80,3,14,5,2,11,7,5,7
32,No,Travel_Frequently,310,Sales,1,2,Life Sciences,1,1019,4,Female,48,3,2,Manager,4,Married,6843,4198,4,Y,No,18,4,3,80,3,10,4,3,1,0,1,1
35,Yes,Travel_Rarely,472,Research & Development,2,3,Marketing,1,1020,1,Male,84,3,3,Research Scientist,2,Married,8719,16708,6,Y,Yes,20,4,1,80,2,10,4,2,8,3,7,1
47,No,Travel_Rarely,1031,Sales,6,4,Marketing,1,1021,3,Female,72,3,3,Sales Representative,4,Divorced,9120,23835,1,Y,No,22,3,1,80,1,28,2,3,1,0,0,1
31,No,Travel_Frequently,1055,Research & Development,16,3,Medical,1,1022,3,Female,33,2,1,Research Scientist,3,Divorced,4299,23630,6,Y,No,16,4,3,80,2,6,4,3,6,4,1,3
44,No,Travel_Rarely,958,Research & Development,1,3,Life Sciences,1,1023,1,Female,54,3,5,Healthcare Representative,3,Married,16061,4146,1,Y,No,13,3,3,80,2,23,1,2,1,0,0,0
35,No,Non-Travel,1230,Research & Development,6,4,Human Resources,1,1024,3,Female,96,1,2,Laboratory Technician,4,Married,8164,7861,5,Y,No,13,3,2,80,2,11,1,3,0,0,0,0
46,No,Travel_Rarely,1483,Research & Development,23,4,Human Resources,1,1025,4,Female,51,2,4,Healthcare Representative,3,Divorced,13307,22308,8,Y,No,19,4,1,80,3,22,0,2,6,2,3,1
40,No,Non-Travel,161,Research & Development,2,3,Medical,1,1026,4,Female,61,3,4,Manager,4,Married,15194,6994,0,Y,No,19,4,1,80,3,16,3,2,16,6,0,5
20,No,Travel_Rarely,1029,Research & Development,1,3,Other,1,1027,2,Male,93,2,1,Research Scientist,4,Married,3319,23206,0,Y,No,11,4,1,80,2,0,2,4,0,0,0,0
39,No,Travel_Rarely,558,Sales,1,3,Medical,1,1028,4,Male,87,4,3,Sales Representative,4,Divorced,8817,17106,0,Y,No,15,3,2,80,1,19,0,3,5,5,5,4
18,No,Travel_Frequently,985,Research & Development,4,4,Marketing,1,1029,1,Female,93,3,1,Research Scientist,4,Married,4034,26542,3,Y,No,14,3,2,80,3,0,5,3,0,0,0,0
44,Yes,Travel_Rarely,151,Human Resources,8,3,Medical,1,1030,4,Female,71,2,4,Human Resources,3,Single,12920,8854,0,Y,Yes,12,3,2,80,0,19,5,2,0,0,0,0
54,No,Travel_Rarely,525,Research & Development,2,4,Life Sciences,1,1031,4,Female,88,2,4,Research Director,1,Married,14214,11275,3,Y,No,16,4,3,80,3,35,3,1,14,9,1,6
49,Yes,Travel_Frequently,1430,Research & Development,1,3,Human Resources,1,1032,2,Female,60,1,4,Laboratory Technician,2,Married,14331,24649,6,Y,No,13,3,3,80,2,26,3,4,6,3,3,1
45,No,Travel_Rarely,239,Sales,8,4,Life Sciences,1,1033,3,Female,53,3,3,Sales Representative,3,Married,12059,5126,4,Y,No,24,4,4,80,3,25,3,2,9,6,3,2
34,No,Travel_Frequently,687,Research & Development,9,3,Life Sciences,1,1034,3,Female,31,2,2,Laboratory Technician,2,Divorced,6580,26236,2,Y,Yes,20,3,4,80,2,12,6,2,4,4,0,1
29,No,Travel_Rarely,417,Sales,1,4,Human Resources,1,1035,4,Male,71,3,2,Sales Executive,3,Single,8648,12005,6,Y,Yes,11,3,4,80,0,6,4,2,6,4,3,1
40,No,Travel_Rarely,339,Human Resources,3,5,Life Sciences,1,1036,4,Male,44,2,4,Human Resources,3,Married,14110,7033,0,Y,No,23,3,3,80,1,18,4,2,11,6,3,4
48,Yes,Travel_Rarely,1310,Research & Development,3,4,Medical,1,1037,2,Male,34,2,4,Research Scientist,2,Married,13734,18908,2,Y,Yes,12,3,1,80,2,28,1,3,6,5,6,5
26,Yes,Travel_Rarely,337,Sales,28,2,Medical,1,1038,3,Female,94,4,1,Manager,1,Single,4333,17794,4,Y,No,11,4,3,80,0,2,6,3,2,2,2,2
39,No,Travel_Frequently,413,Sales,29,2,Life Sciences,1,1039,4,Female,58,3,4,Sales Executive,3,Single,13845,4559,6,Y,No,23,3,4,80,0,16,0,2,3,1,3,3
23,No,Travel_Frequently,148,Sales,1,5,Human Resources,1,1040,4,Male,31,3,1,Manager,3,Single,4875,13411,9,Y,Yes,20,4,4,80,0,0,3,2,0,0,0,0
52,No,Travel_Rarely,544,Human Resources,2,4,Technical Degree,1,1041,3,Male,68,3,3,Human Resources,4,Divorced,10916,9155,0,Y,No,23,4,2,80,3,31,2,1,8,2,0,1
49,No,Travel_Rarely,332,Research & Development,7,3,Human Resources,1,1042,4,Male,57,3,3,Manager,1,Divorced,10414,22416,1,Y,No,25,4,2,80,3,28,6,4,4,0,2,4
43,No,Travel_Rarely,1161,Research & Development,7,4,Medical,1,1043,2,Female,85,3,3,Laboratory Technician,2,Single,9923,26278,7,Y,Yes,22,4,2,80,0,22,0,3,3,2,2,0
28,Yes,Travel_Rarely,740,Research & Development,5,3,Technical Degree,1,1044,4,Male,57,2,1,Research Scientist,2,Single,5618,25131,6,Y,Yes,25,3,4,80,0,3,0,3,3,3,0,1
29,No,Travel_Frequently,576,Research & Development,18,1,Life Sciences,1,1045,1,Male,93,3,2,Healthcare Representative,3,Married,8332,16907,1,Y,No,15,3,4,80,2,5,1,3,5,4,0,1
32,No,Travel_Rarely,648,Research & Development,3,3,Marketing,1,1046,3,Female,46,3,3,Manager,1,Divorced,9914,24719,1,Y,No,21,4,2,80,1,8,5,3,0,0,0,0
41,No,Travel_Rarely,141,Sales,13,1,Human Resources,1,1047,1,Female,60,3,4,Sales Executive,1,Married,12883,11108,8,Y,No,21,4,1,80,2,16,4,3,0,0,0,0
34,No,Travel_Rarely,1076,Human Resources,10,2,Technical Degree,1,1048,3,Female,75,3,3,Human Resources,2,Married,10571,16352,2,Y,No,18,4,3,80,2,11,1,3,8,8,2,5
18,Yes,Travel_Frequently,1155,Research & Development,9,3,Other,1,1049,3,Female,92,3,1,Manager,4,Single,5603,25635,1,Y,No,21,3,4,80,0,0,0,3,0,0,0,0
38,No,Travel_Rarely,1406,Research & Development,8,3,Medical,1,1050,2,Female,61,2,2,Research Scientist,2,Divorced,7229,12362,5,Y,No,23,3,3,80,3,13,6,3,3,1,0,1
53,No,Travel_Rarely,368,Research & Development,10,4,Medical,1,1051,2,Female,38,2,3,Manager,3,Divorced,10343,19286,7,Y,Yes,11,4,4,80,2,29,0,2,7,4,2,1
56,No,Travel_Rarely,537,Research & Development,4,1,Life Sciences,1,1052,3,Female,96,2,4,Research Director,2,Single,13123,20005,5,Y,No,22,3,2,80,0,34,1,3,2,0,2,1
22,Yes,Travel_Rarely,441,Research & Development,29,3,Human Resources,1,1053,1,Male,81,3,1,Manufacturing Director,3,Single,5090,17923,9,Y,No,20,3,4,80,0,4,4,3,4,2,2,3
29,No,Travel_Rarely,145,Sales,21,4,Human Resources,1,1054,4,Male,87,3,2,Sales Executive,1,Married,8439,3622,3,Y,No,18,3,4,80,1,6,4,3,4,3,1,0
26,No,Travel_Frequently,1003,Research & Development,12,4,Other,1,1055,3,Male,82,3,2,Manager,3,Married,5896,24511,2,Y,No,20,4,3,80,2,6,2,3,0,0,0,0
46,No,Travel_Rarely,373,Research & Development,5,3,Marketing,1,1056,3,Female,49,2,3,Manufacturing Director,2,Single,10466,4093,2,Y,No,17,3,4,80,0,23,3,3,7,5,0,2
18,Yes,Travel_Rarely,988,Research & Development,27,2,Other,1,1057,4,Male,95,3,1,Laboratory Technician,4,Divorced,4411,13327,2,Y,No,21,3,4,80,2,0,2,1,0,0,0,0
22,No,Travel_Rarely,828,Research & Development,2,4,Marketing,1,1058,2,Male,81,2,2,Laboratory Technician,3,Married,7113,7315,8,Y,No,14,4,2,80,1,4,1,4,4,3,1,2
50,Yes,Travel_Rarely,1014,Sales,3,3,Other,1,1059,4,Male,31,3,4,Sales Representative,2,Single,13062,10846,3,Y,No,14,3,3,80,0,32,6,2,1,0,0,0
38,Yes,Travel_Rarely,964,Research & Development,4,3,Medical,1,1060,3,Male,79,3,3,Research Director,4,Single,9729,19800,0,Y,Yes,25,4,3,80,0,18,2,3,3,2,2,0
27,No,Travel_Rarely,640,Research & Development,4,3,Other,1,1061,2,Male,46,3,1,Manager,4,Married,5225,19335,8,Y,No,14,3,4,80,2,2,1,3,2,2,0,0
26,No,Travel_Rarely,1431,Research & Development,2,2,Other,1,1062,4,Female,97,1,3,Manager,3,Married,9937,15358,0,Y,No,17,4,4,80,2,8,1,2,1,0,0,0
47,Yes,Travel_Rarely,1275,Research & Development,6,2,Human Resources,1,1063,1,Female,83,3,3,Manufacturing Director,2,Single,11611,9560,9,Y,No,20,4,4,80,0,28,4,2,15,8,0,6
30,No,Travel_Rarely,880,Research & Development,13,2,Human Resources,1,1064,4,Female,78,4,2,Research Director,1,Single,8674,9350,2,Y,Yes,16,4,3,80,0,6,5,3,6,5,3,4
38,Yes,Non-Travel,1007,Sales,2,4,Medical,1,1065,3,Female,56,4,3,Sales Executive,2,Single,10973,26535,2,Y,Yes,17,4,3,80,0,16,2,3,5,1,2,5
45,Yes,Travel_Rarely,1247,Sales,9,3,Other,1,1066,1,Female,43,3,4,Manager,3,Single,11349,2568,4,Y,Yes,16,4,4,80,0,23,6,3,0,0,0,0
37,Yes,Travel_Rarely,1212,Research & Development,6,2,Marketing,1,1067,1,Male,68,2,4,Research Director,2,Married,12495,26347,7,Y,No,18,3,3,80,3,12,4,4,10,7,6,5
21,No,Travel_Rarely,1412,Research & Development,2,1,Marketing,1,1068,3,Female,51,2,1,Healthcare Representative,3,Single,5112,10784,3,Y,Yes,15,3,3,80,0,0,2,3,0,0,0,0
36,Yes,Travel_Frequently,983,Research & Development,10,3,Medical,1,1069,4,Male,45,2,2,Research Scientist,3,Married,7299,23624,1,Y,No,17,3,1,80,1,11,1,3,0,0,0,0
44,No,Travel_Rarely,1456,Research & Development,10,4,Other,1,1070,1,Female,81,2,5,Laboratory Technician,3,Divorced,15370,2135,1,Y,Yes,24,3,2,80,2,20,4,2,8,8,3,3
30,No,Travel_Rarely,1326,Sales,13,3,Medical,1,1071,3,Male,67,4,3,Sales Executive,4,Single,11877,22003,9,Y,No,23,3,3,80,0,11,1,3,11,9,6,9
47,No,Travel_Rarely,1245,Sales,7,3,Marketing,1,1072,2,Male,76,2,3,Sales Executive,4,Single,10979,2659,7,Y,Yes,25,3,3,80,0,23,4,2,5,1,0,0
32,No,Travel_Rarely,891,Research & Development,1,3,Medical,1,1073,3,Male,49,3,2,Laboratory Technician,3,Divorced,5977,25567,7,Y,Yes,15,3,4,80,1,12,3,3,0,0,0,0
34,No,Travel_Frequently,1468,Sales,12,4,Technical Degree,1,1074,1,Male,46,3,4,Sales Executive,3,Single,12941,23988,3,Y,No,24,3,1,80,0,16,1,3,16,10,2,11
44,No,Travel_Frequently,1398,Research & Development,7,4,Human Resources,1,1075,4,Male,43,3,3,Manager,4,Married,9675,20795,6,Y,No,24,3,4,80,3,20,2,3,10,6,0,6
31,Yes,Travel_Frequently,180,Research & Development,14,1,Life Sciences,1,1076,4,Male,100,3,2,Laboratory Technician,4,Married,7335,9830,4,Y,Yes,17,4,3,80,2,7,2,3,7,5,4,7
33,No,Travel_Rarely,663,Research & Development,15,4,Life Sciences,1,1077,3,Male,40,2,2,Healthcare Representative,4,Married,8375,12089,2,Y,No,21,3,3,80,3,9,2,1,9,9,3,3
29,No,Non-Travel,870,Sales,1,4,Technical Degree,1,1078,3,Female,96,4,1,Manager,3,Married,5215,12585,9,Y,Yes,25,3,3,80,2,4,1,2,3,0,1,3
59,No,Non-Travel,1434,Research & Development,1,4,Technical Degree,1,1079,4,Female,35,3,3,Research Director,4,Single,11640,6187,6,Y,No,16,4,3,80,0,39,1,3,10,4,2,2
44,Yes,Travel_Rarely,1370,Sales,20,4,Life Sciences,1,1080,4,Female,69,3,3,Sales Representative,3,Single,10382,21761,6,Y,Yes,25,3,1,80,0,24,3,3,1,0,1,1
40,Yes,Travel_Rarely,1340,Sales,4,4,Medical,1,1081,2,Male,40,3,3,Sales Representative,3,Married,9075,6907,9,Y,No,15,4,2,80,3,17,5,2,1,1,0,0
37,No,Travel_Frequently,1189,Sales,2,1,Other,1,1082,1,Female,48,4,4,Manager,4,Married,11999,9567,1,Y,No,14,4,1,80,3,16,4,2,2,2,2,2
53,No,Travel_Rarely,363,Sales,9,5,Life Sciences,1,1083,3,Female,83,3,4,Manager,2,Divorced,15639,9080,4,Y,No,19,3,3,80,1,33,1,4,13,6,0,1
36,Yes,Travel_Rarely,1068,Sales,12,2,Marketing,1,1084,1,Female,50,3,2,Sales Executive,2,Single,7547,2327,4,Y,Yes,18,4,2,80,0,15,3,2,2,0,0,0
18,No,Travel_Rarely,381,Sales,29,2,Medical,1,1085,4,Female,80,3,1,Manager,3,Divorced,3807,6301,1,Y,Yes,21,3,2,80,1,0,3,2,0,0,0,0
44,No,Travel_Rarely,352,Sales,9,2,Marketing,1,1086,2,Female,76,3,4,Sales Representative,4,Married,14039,9525,3,Y,No,24,3,2,80,2,25,2,3,2,0,1,2
41,No,Travel_Rarely,928,Research & Development,1,4,Human Resources,1,1087,3,Male,36,3,4,Healthcare Representative,1,Divorced,12373,25377,2,Y,No,12,4,3,80,3,19,4,3,1,0,1,0
27,No,Non-Travel,1177,Research & Development,2,2,Technical Degree,1,1088,1,Female,57,3,2,Healthcare Representative,4,Single,8505,15081,8,Y,No,18,4,1,80,0,9,3,3,9,4,0,5
19,Yes,Travel_Rarely,1291,Research & Development,4,4,Life Sciences,1,1089,4,Female,57,3,1,Healthcare Representative,1,Divorced,4941,18590,6,Y,Yes,24,3,4,80,3,0,3,3,0,0,0,0
30,No,Travel_Rarely,295,Research & Development,2,2,Marketing,1,1090,3,Male,53,3,2,Healthcare Representative,3,Single,7272,8725,4,Y,No,21,4,2,80,0,8,1,3,8,4,1,1
47,No,Travel_Rarely,618,Sales,29,3,Human Resources,1,1091,3,Female,97,4,3,Manager,4,Married,10076,5201,1,Y,Yes,22,4,2,80,1,24,5,3,0,0,0,0
32,No,Travel_Rarely,1265,Research & Development,7,2,Other,1,1092,3,Male,56,3,3,Research Director,1,Married,10120,13919,8,Y,Yes,17,3,2,80,2,11,1,3,4,3,4,3
40,Yes,Travel_Rarely,732,Research & Development,2,4,Life Sciences,1,1093,1,Male,97,2,4,Research Director,4,Divorced,12407,2101,4,Y,Yes,15,3,1,80,2,18,5,2,1,0,1,1
44,No,Travel_Rarely,1087,Research & Development,7,1,Life Sciences,1,1094,4,Male,58,2,3,Laboratory Technician,4,Married,8180,19471,0,Y,No,17,4,3,80,2,20,4,3,0,0,0,0
45,No,Travel_Rarely,314,Sales,1,3,Technical Degree,1,1095,3,Male,76,3,3,Sales Representative,3,Married,11441,13953,7,Y,Yes,20,3,1,80,2,27,1,2,11,5,4,3
38,No,Travel_Rarely,173,Research & Development,10,1,Other,1,1096,3,Female,97,3,2,Research Scientist,3,Married,5673,13334,9,Y,No,18,3,3,80,2,13,2,3,1,0,1,0
18,No,Travel_Frequently,787,Research & Development,26,4,Marketing,1,1097,3,Female,96,3,1,Research Director,4,Divorced,4766,16657,6,Y,No,17,4,4,80,3,0,6,3,0,0,0,0
30,No,Travel_Rarely,1353,Research & Development,8,4,Marketing,1,1098,3,Female,80,3,1,Research Scientist,3,Married,3882,12410,3,Y,Yes,21,4,1,80,2,5,2,3,5,2,5,0
41,Yes,Travel_Rarely,668,Sales,25,4,Marketing,1,1099,3,Female,33,3,5,Sales Representative,2,Single,16797,17649,3,Y,No,18,3,3,80,0,23,0,3,3,0,2,2
55,No,Travel_Frequently,647,Research & Development,2,4,Other,1,1100,3,Female,80,3,3,Research Scientist,2,Married,9699,16245,0,Y,Yes,14,3,4,80,3,37,6,4,2,0,0,1
39,No,Travel_Rarely,1047,Research & Development,1,3,Human Resources,1,1101,1,Male,90,4,4,Research Director,4,Married,13904,20633,7,Y,No,14,3,2,80,3,17,1,3,11,5,0,6
38,No,Travel_Frequently,786,Research & Development,5,3,Medical,1,1102,1,Female,85,3,4,Manufacturing Director,1,Married,14922,26873,7,Y,No,11,4,4,80,3,13,0,1,5,2,0,0
23,No,Travel_Rarely,1127,Research & Development,2,4,Medical,1,1103,4,Male,87,4,1,Research Scientist,1,Married,4570,2388,5,Y,No,25,3,4,80,2,2,3,2,2,0,0,0
23,No,Travel_Rarely,538,Research & Development,19,4,Other,1,1104,3,Female,85,3,2,Healthcare Representative,1,Married,7345,12860,4,Y,No,22,3,1,80,2,5,6,2,4,0,4,0
35,No,Travel_Rarely,1230,Research & Development,1,2,Human Resources,1,1105,2,Female,70,4,3,Laboratory Technician,3,Married,10518,26422,9,Y,Yes,14,3,4,80,3,14,1,4,10,7,4,6
60,Yes,Travel_Rarely,1331,Research & Development,16,4,Marketing,1,1106,1,Male,51,2,3,Manager,4,Single,11153,10151,5,Y,No,24,4,3,80,0,36,2,3,6,3,4,4
36,No,Travel_Rarely,1190,Research & Development,1,3,Human Resources,1,1107,3,Male,47,2,5,Healthcare Representative,4,Married,16802,25024,0,Y,No,23,4,1,80,1,16,4,3,8,4,0,4
50,No,Travel_Rarely,772,Research & Development,2,5,Other,1,1108,3,Female,60,3,4,Research Scientist,3,Married,14244,19338,1,Y,No,16,3,4,80,1,28,4,2,5,5,3,3
39,No,Travel_Rarely,1279,Sales,2,2,Medical,1,1109,4,Female,84,1,4,Manager,2,Divorced,14058,25946,9,Y,No,16,4,2,80,3,20,2,1,4,3,0,0
36,No,Travel_Frequently,811,Research & Development,12,3,Life Sciences,1,1110,1,Female,75,3,3,Manufacturing Director,4,Married,10747,21798,3,Y,Yes,16,4,1,80,2,17,4,4,15,6,5,8
18,Yes,Travel_Rarely,1303,Research & Development,5,4,Medical,1,1111,2,Female,61,2,1,Manager,4,Divorced,4319,17905,9,Y,No,18,3,1,80,2,0,0,3,0,0,0,0
22,Yes,Non-Travel,554,Sales,7,3,Human Resources,1,1112,3,Female,73,2,1,Sales Representative,4,Single,3988,3072,2,Y,No,23,4,3,80,0,0,3,3,0,0,0,0
24,Yes,Travel_Rarely,796,Sales,1,4,Marketing,1,1113,4,Male,66,3,1,Sales Representative,2,Divorced,5412,14039,5,Y,No,19,3,1,80,1,0,6,4,0,0,0,0
34,No,Non-Travel,289,Human Resources,14,4,Marketing,1,1114,3,Female,33,4,4,Human Resources,4,Married,12416,18567,6,Y,No,23,3,2,80,1,13,2,1,1,1,1,1
40,No,Travel_Rarely,819,Research & Development,3,2,Other,1,1115,3,Female,33,3,4,Manufacturing Director,1,Divorced,11915,4977,0,Y,No,16,4,3,80,3,19,6,4,1,1,1,1
37,No,Travel_Frequently,1018,Research & Development,1,2,Marketing,1,1116,3,Female,96,2,4,Research Scientist,1,Married,11502,7650,1,Y,No,19,3,1,80,2,19,4,3,0,0,0,0
30,Yes,Travel_Frequently,1050,Research & Development,5,2,Technical Degree,1,1117,2,Female,54,2,2,Research Scientist,2,Married,9362,24514,2,Y,Yes,23,4,4,80,2,10,4,3,9,9,2,4
40,Yes,Travel_Rarely,771,Research & Development,10,3,Marketing,1,1118,4,Female,72,3,4,Manager,2,Divorced,13846,16418,6,Y,No,15,3,4,80,2,18,1,3,2,0,2,0
35,Yes,Travel_Frequently,1433,Research & Development,16,4,Human Resources,1,1119,4,Female,47,2,3,Healthcare Representative,1,Divorced,11854,10819,6,Y,Yes,19,4,1,80,3,13,1,3,10,5,2,3
38,No,Travel_Rarely,768,Research & Development,13,1,Technical Degree,1,1120,1,Female,87,3,5,Laboratory Technician,2,Married,15015,23805,6,Y,No,21,4,2,80,1,19,6,3,1,1,1,1
40,Yes,Travel_Frequently,616,Research & Development,3,4,Life Sciences,1,1121,1,Male,62,3,5,Research Scientist,1,Divorced,16862,7912,0,Y,Yes,11,4,3,80,1,16,1,2,7,1,1,1
48,Yes,Travel_Frequently,281,Research & Development,18,2,Technical Degree,1,1122,2,Male,63,3,4,Manufacturing Director,1,Divorced,12273,8239,2,Y,No,24,3,2,80,2,25,5,3,0,0,0,0
19,Yes,Travel_Frequently,268,Research & Development,2,4,Technical Degree,1,1123,3,Male,97,3,1,Healthcare Representative,1,Married,4759,10851,5,Y,No,18,4,4,80,3,0,4,1,0,0,0,0
41,Yes,Travel_Frequently,554,Research & Development,5,4,Marketing,1,1124,4,Female,35,3,5,Research Scientist,1,Single,16176,16122,1,Y,No,11,3,3,80,0,17,1,3,0,0,0,0
45,Yes,Travel_Frequently,830,Research & Development,1,5,Medical,1,1125,2,Male,73,2,3,Manufacturing Director,4,Married,9349,18811,0,Y,Yes,17,3,1,80,2,25,2,2,0,0,0,0
29,No,Travel_Frequently,247,Research & Development,10,3,Medical,1,1126,4,Female,52,3,4,Healthcare Representative,3,Divorced,12884,4821,8,Y,No,12,4,1,80,3,11,3,3,1,1,1,0
45,No,Travel_Frequently,1183,Sales,1,4,Marketing,1,1127,2,Male,59,2,4,Sales Executive,4,Divorced,13178,3144,2,Y,No,15,3,4,80,2,27,3,3,6,1,1,0
33,No,Non-Travel,609,Research & Development,3,2,Other,1,1128,4,Male,58,3,2,Manufacturing Director,1,Married,7146,15746,3,Y,No,23,3,3,80,1,13,0,2,8,2,1,6
31,Yes,Travel_Rarely,1376,Research & Development,18,1,Medical,1,1129,3,Female,51,2,2,Manufacturing Director,4,Single,9290,20175,3,Y,No,24,3,4,80,0,12,5,3,3,3,3,2
43,No,Travel_Rarely,273,Research & Development,6,3,Human Resources,1,1130,4,Female,78,3,5,Manager,1,Single,15552,21970,8,Y,No,14,3,1,80,0,20,5,3,0,0,0,0
30,No,Travel_Rarely,884,Research & Development,1,3,Marketing,1,1131,2,Female,77,3,4,Healthcare Representative,2,Divorced,11596,2313,9,Y,No,15,4,4,80,3,8,1,3,0,0,0,0
43,No,Travel_Rarely,553,Sales,25,2,Technical Degree,1,1132,1,Male,85,2,4,Sales Representative,3,Divorced,12854,2199,9,Y,No,21,3,4,80,1,23,4,1,3,0,3,3
34,No,Travel_Rarely,376,Sales,1,2,Other,1,1133,3,Male,79,2,3,Sales Executive,3,Married,10734,18691,2,Y,No,25,3,3,80,2,9,0,1,8,7,3,2
28,No,Non-Travel,856,Sales,3,1,Human Resources,1,1134,4,Female,81,3,1,Manager,1,Married,3974,9963,9,Y,No,25,4,2,80,3,3,6,3,1,0,1,0
34,Yes,Travel_Rarely,1345,Sales,6,1,Marketing,1,1135,1,Female,60,4,2,Sales Executive,4,Single,8995,14343,9,Y,Yes,25,4,2,80,0,12,5,3,12,9,3,4
30,No,Travel_Rarely,489,Research & Development,5,2,Human Resources,1,1136,1,Female,56,3,2,Healthcare Representative,4,Married,8115,14203,3,Y,Yes,21,3,1,80,1,10,1,2,10,5,5,4
32,Yes,Travel_Rarely,1462,Research & Development,9,3,Medical,1,1137,4,Female,55,3,2,Research Director,2,Married,7952,11609,5,Y,Yes,12,4,3,80,3,9,1,2,1,0,1,0
31,No,Travel_Rarely,1254,Research & Development,9,3,Medical,1,1138,1,Female,40,3,3,Research Director,2,Married,12480,17124,4,Y,No,14,3,3,80,3,13,1,3,11,6,2,5
33,No,Travel_Rarely,483,Research & Development,23,1,Marketing,1,1139,4,Female,62,3,2,Laboratory Technician,2,Married,9088,8551,3,Y,No,20,3,3,80,3,8,3,3,3,0,3,3
18,Yes,Travel_Rarely,816,Sales,3,3,Human Resources,1,1140,1,Female,65,3,1,Sales Executive,1,Divorced,3982,21248,2,Y,Yes,12,3,3,80,1,0,0,3,0,0,0,0
46,No,Travel_Rarely,488,Research & Development,20,3,Human Resources,1,1141,2,Male,68,3,3,Manager,3,Married,11732,17103,5,Y,No,17,3,3,80,3,25,5,2,22,10,4,13
57,Yes,Travel_Rarely,272,Research & Development,3,4,Medical,1,1142,3,Female,86,3,5,Manager,4,Single,14787,10158,4,Y,No,14,4,1,80,0,35,3,3,3,3,0,3
34,Yes,Non-Travel,465,Human Resources,16,2,Human Resources,1,1143,1,Male,30,3,5,Human Resources,1,Married,16900,7679,2,Y,Yes,15,3,1,80,2,16,3,2,3,2,3,1
35,No,Travel_Rarely,1001,Research & Development,9,1,Marketing,1,1144,4,Female,42,3,3,Research Director,1,Married,10654,23949,5,Y,Yes,22,4,4,80,3,13,4,3,0,0,0,0
38,No,Travel_Rarely,1292,Research & Development,1,4,Marketing,1,1145,4,Male,54,3,4,Manager,2,Single,12995,21115,1,Y,No,15,3,3,80,0,19,3,3,7,4,0,1
36,No,Travel_Rarely,1330,Research & Development,5,4,Other,1,1146,3,Male,45,2,4,Laboratory Technician,3,Divorced,14068,10197,6,Y,No,18,4,3,80,2,18,4,3,6,3,2,2
56,No,Travel_Rarely,695,Research & Development,1,4,Other,1,1147,2,Female,53,2,3,Manufacturing Director,2,Married,11153,19891,4,Y,Yes,25,3,4,80,1,35,5,3,11,5,3,5
50,No,Travel_Rarely,1369,Sales,4,4,Technical Degree,1,1148,3,Male,55,1,4,Sales Representative,4,Single,14218,23452,9,Y,Yes,23,4,4,80,0,30,5,3,0,0,0,0
31,Yes,Travel_Rarely,1480,Sales,6,4,Marketing,1,1149,2,Female,93,3,2,Sales Representative,2,Single,8049,6833,4,Y,No,23,4,1,80,0,6,6,3,6,0,0,1
45,No,Travel_Frequently,492,Research & Development,5,4,Marketing,1,1150,1,Male,78,3,4,Manufacturing Director,3,Married,11198,23331,3,Y,Yes,21,3,1,80,3,25,6,3,4,2,4,2
42,No,Travel_Frequently,754,Research & Development,12,1,Technical Degree,1,1151,4,Male,61,3,4,Research Scientist,4,Married,12486,12332,7,Y,No,22,3,3,80,1,21,2,3,3,0,3,1
47,No,Travel_Rarely,1287,Sales,4,4,Life Sciences,1,1152,4,Female,75,1,4,Manager,1,Married,12760,4484,9,Y,No,23,4,1,80,3,25,4,3,7,4,2,4
35,No,Travel_Rarely,573,Sales,3,2,Marketing,1,1153,4,Male,84,2,4,Sales Executive,4,Married,14069,9610,6,Y,No,23,4,1,80,3,17,5,3,9,7,2,4
19,No,Travel_Rarely,331,Research & Development,2,4,Marketing,1,1154,4,Male,47,2,1,Research Scientist,1,Divorced,3611,19000,1,Y,No,18,3,4,80,1,0,6,3,0,0,0,0
48,No,Travel_Rarely,590,Sales,17,3,Medical,1,1155,4,Female,43,3,3,Manager,4,Single,11926,2623,8,Y,No,19,4,2,80,0,28,1,2,21,9,0,13
39,Yes,Travel_Frequently,195,Research & Development,10,1,Human Resources,1,1156,1,Male,47,1,5,Manufacturing Director,3,Married,15333,19061,4,Y,No,17,3,2,80,1,20,3,3,4,2,0,1
30,Yes,Travel_Rarely,144,Research & Development,1,3,Medical,1,1157,2,Female,67,2,2,Manager,2,Single,7286,15040,0,Y,No,12,3,1,80,0,12,5,3,1,0,0,1
35,No,Non-Travel,1330,Research & Development,5,3,Marketing,1,1158,3,Male,100,2,2,Manufacturing Director,3,Married,7796,18373,8,Y,No,25,4,3,80,3,10,3,3,9,6,9,4
23,Yes,Travel_Rarely,1146,Sales,5,1,Medical,1,1159,1,Male,40,3,2,Sales Executive,2,Married,6821,23235,7,Y,Yes,24,3,3,80,1,4,2,3,4,3,2,0
45,No,Travel_Rarely,169,Sales,13,4,Human Resources,1,1160,3,Male,76,3,3,Sales Representative,4,Single,11372,11233,4,Y,No,20,3,3,80,0,24,6,3,6,5,4,1
37,No,Travel_Rarely,791,Research & Development,25,2,Marketing,1,1161,3,Female,58,3,4,Research Director,2,Married,14072,24172,5,Y,Yes,15,4,1,80,2,13,6,4,13,9,0,10
42,Yes,Travel_Rarely,357,Sales,4,3,Other,1,1162,4,Male,52,3,3,Manager,1,Married,12338,11762,6,Y,No,12,4,4,80,1,22,2,3,22,11,4,12
31,No,Non-Travel,337,Research & Development,1,4,Life Sciences,1,1163,4,Female,32,3,1,Manufacturing Director,4,Married,5623,5943,8,Y,No,18,4,1,80,2,7,6,2,3,0,0,0
43,No,Travel_Rarely,636,Research & Development,3,4,Other,1,1164,4,Male,59,2,4,Research Scientist,3,Divorced,13408,18917,1,Y,No,23,4,4,80,3,18,3,1,1,0,1,0
23,Yes,Travel_Rarely,833,Research & Development,4,3,Human Resources,1,1165,3,Female,78,2,1,Research Director,4,Single,5570,14270,1,Y,No,19,3,2,80,0,0,1,2,0,0,0,0
24,Yes,Travel_Rarely,1431,Sales,2,4,Life Sciences,1,1166,4,Female,49,3,1,Sales Representative,4,Single,5042,8827,1,Y,No,12,4,4,80,0,2,2,3,1,1,1,0
39,Yes,Travel_Rarely,850,Research & Development,4,3,Other,1,1167,1,Male,55,4,2,Research Scientist,4,Married,7200,20461,4,Y,Yes,21,3,4,80,2,15,2,3,7,4,0,4
37,No,Travel_Rarely,1415,Sales,13,3,Other,1,1168,4,Female,77,3,3,Sales Executive,4,Single,10036,4060,8,Y,No,12,4,2,80,0,15,6,4,9,4,1,4
24,Yes,Travel_Frequently,1120,Sales,1,3,Medical,1,1169,1,Female,95,3,1,Sales Executive,3,Married,2829,4978,9,Y,No,21,4,2,80,3,3,6,4,3,0,2,0
38,No,Travel_Rarely,379,Sales,2,4,Medical,1,1170,3,Female,79,3,2,Sales Representative,4,Single,7025,11847,8,Y,No,17,3,1,80,0,13,5,1,4,3,1,4
32,Yes,Travel_Rarely,291,Research & Development,2,4,Technical Degree,1,1171,1,Female,85,2,2,Laboratory Technician,2,Single,7721,4074,9,Y,No,24,3,4,80,0,10,1,3,7,2,1,2
45,No,Travel_Rarely,1189,Research & Development,27,3,Human Resources,1,1172,3,Male,63,3,3,Healthcare Representative,4,Divorced,10308,10857,2,Y,Yes,18,4,3,80,3,20,1,2,2,0,0,0
34,No,Non-Travel,1451,Research & Development,7,4,Human Resources,1,1173,3,Female,48,2,3,Healthcare Representative,1,Divorced,11505,16493,1,Y,No,19,3,1,80,1,12,1,3,6,2,4,1
49,No,Travel_Rarely,1135,Research & Development,29,3,Medical,1,1174,4,Male,40,2,3,Research Scientist,2,Divorced,9947,6116,0,Y,No,16,3,3,80,2,24,1,2,3,0,1,3
32,Yes,Travel_Rarely,571,Research & Development,13,2,Medical,1,1175,3,Female,88,3,2,Research Director,2,Divorced,7013,8435,2,Y,No,22,4,2,80,2,9,4,2,1,0,1,0
49,No,Travel_Rarely,805,Sales,28,2,Medical,1,1176,4,Male,57,3,3,Manager,3,Single,9960,18370,1,Y,No,16,4,4,80,0,29,3,3,3,1,2,1
37,No,Travel_Rarely,739,Research & Development,1,3,Human Resources,1,1177,1,Male,96,4,3,Research Scientist,1,Married,11436,13231,0,Y,Yes,25,3,3,80,1,19,5,2,7,7,2,2
31,No,Travel_Rarely,470,Human Resources,20,1,Human Resources,1,1178,4,Male,61,3,1,Human Resources,4,Married,4334,21630,5,Y,No,20,4,1,80,1,7,6,3,5,0,0,0
43,Yes,Non-Travel,790,Research & Development,20,3,Human Resources,1,1179,3,Female,31,2,3,Manufacturing Director,4,Divorced,9710,7641,4,Y,Yes,12,3,4,80,3,20,0,3,0,0,0,0
47,Yes,Travel_Rarely,1129,Research & Development,10,3,Other,1,1180,1,Female,84,3,3,Healthcare Representative,2,Married,13435,13206,1,Y,Yes,19,3,3,80,2,24,2,3,20,12,0,9
37,No,Travel_Rarely,875,Research & Development,13,3,Other,1,1181,4,Male,87,4,3,Laboratory Technician,4,Married,11764,10496,0,Y,No,18,4,1,80,1,15,4,3,15,7,0,6
19,No,Travel_Rarely,545,Sales,2,1,Human Resources,1,1182,1,Male,88,3,1,Sales Representative,3,Single,4863,17583,0,Y,No,12,3,2,80,0,1,2,3,1,0,1,0
20,No,Travel_Rarely,908,Research & Development,9,3,Marketing,1,1183,3,Male,52,3,1,Manager,3,Single,4351,16253,9,Y,No,13,3,2,80,0,0,6,2,0,0,0,0
52,No,Non-Travel,1304,Human Resources,11,3,Other,1,1184,2,Male,44,3,5,Human Resources,1,Single,17969,14133,3,Y,No,13,4,4,80,0,29,1,3,10,5,0,2
32,Yes,Travel_Frequently,1306,Research & Development,17,4,Human Resources,1,1185,1,Female,95,3,2,Research Director,4,Divorced,7737,12683,6,Y,Yes,22,4,2,80,2,7,4,3,7,5,0,3
46,No,Travel_Frequently,734,Sales,1,3,Technical Degree,1,1186,4,Male,66,3,3,Manager,4,Divorced,9762,8548,6,Y,Yes,19,4,4,80,1,22,0,2,0,0,0,0
29,Yes,Travel_Rarely,663,Sales,10,3,Medical,1,1187,3,Male,51,3,2,Sales Representative,1,Married,6381,18118,8,Y,Yes,16,3,1,80,3,6,5,3,6,1,3,4
40,No,Travel_Rarely,385,Sales,4,4,Human Resources,1,1188,1,Male,30,3,4,Manager,3,Divorced,12518,11579,4,Y,No,19,4,1,80,1,21,6,3,7,4,0,3
30,No,Travel_Frequently,1468,Sales,9,2,Marketing,1,1189,3,Female,87,3,1,Sales Executive,4,Single,5187,26730,6,Y,Yes,25,4,2,80,0,6,6,3,3,3,1,0
27,No,Non-Travel,396,Research & Development,1,3,Technical Degree,1,1190,2,Male,89,3,1,Manufacturing Director,3,Married,5060,13909,4,Y,Yes,22,4,3,80,1,4,1,3,4,2,0,0
41,Yes,Travel_Rarely,608,Sales,4,3,Marketing,1,1191,4,Female,37,3,3,Manager,3,Single,10544,8450,1,Y,No,19,3,3,80,0,20,4,2,7,6,1,3
39,Yes,Non-Travel,620,Sales,14,3,Life Sciences,1,1192,1,Male,74,3,2,Sales Executive,3,Single,8331,16997,8,Y,Yes,14,4,2,80,0,15,0,2,3,0,2,0
58,No,Travel_Rarely,1052,Sales,11,1,Other,1,1193,4,Male,98,3,5,Sales Executive,3,Divorced,16368,6709,5,Y,Yes,21,4,4,80,3,35,0,3,3,0,1,0
32,Yes,Travel_Rarely,1087,Sales,2,3,Other,1,1194,3,Female,36,3,2,Sales Executive,4,Single,7023,5058,0,Y,No,13,4,4,80,0,7,6,3,3,0,3,0
50,No,Travel_Frequently,656,Sales,12,4,Marketing,1,1195,3,Male,83,3,3,Manager,3,Married,11993,24658,2,Y,No,13,3,4,80,1,29,0,3,5,4,3,5
29,No,Travel_Rarely,236,Research & Development,10,1,Human Resources,1,1196,1,Male,65,3,2,Laboratory Technician,3,Single,7648,7324,0,Y,No,13,4,2,80,0,7,4,3,1,1,0,1
32,No,Travel_Rarely,1060,Research & Development,12,4,Marketing,1,1197,2,Male,91,1,3,Healthcare Representative,1,Married,10316,5246,8,Y,No,13,3,4,80,1,11,5,2,11,9,2,7
30,Yes,Travel_Rarely,797,Sales,9,3,Technical Degree,1,1198,4,Female,61,3,1,Sales Executive,2,Married,4871,21102,3,Y,Yes,23,3,4,80,3,7,4,2,2,2,1,0
35,No,Travel_Rarely,1259,Research & Development,24,1,Life Sciences,1,1199,3,Female,38,2,3,Laboratory Technician,4,Married,11090,6406,9,Y,No,24,3,4,80,2,14,1,3,7,6,2,1
32,No,Travel_Rarely,768,Research & Development,2,4,Technical Degree,1,1200,1,Female,41,3,2,Laboratory Technician,1,Married,7125,3596,0,Y,No,22,4,4,80,3,9,6,3,4,2,4,4
36,Yes,Travel_Rarely,198,Sales,2,2,Marketing,1,1201,4,Female,94,3,3,Sales Representative,4,Married,8330,16709,8,Y,Yes,16,4,2,80,1,17,0,3,2,2,0,1
55,No,Travel_Rarely,1049,Research & Development,1,1,Medical,1,1202,2,Male,33,3,4,Manufacturing Director,2,Divorced,13905,10001,4,Y,No,15,4,3,80,2,31,5,3,1,1,1,0
38,No,Travel_Rarely,1125,Research & Development,29,3,Marketing,1,1203,4,Female,80,3,4,Healthcare Representative,1,Single,12223,20735,6,Y,No,16,4,4,80,0,19,4,3,2,2,2,0
23,No,Travel_Rarely,856,Research & Development,5,3,Medical,1,1204,4,Male,55,3,1,Manager,2,Single,4038,16943,2,Y,No,14,4,4,80,0,0,3,3,0,0,0,0
30,Yes,Travel_Rarely,1408,Research & Development,1,4,Marketing,1,1205,3,Male,77,3,2,Healthcare Representative,1,Single,8144,3173,1,Y,No,22,4,4,80,0,11,4,3,1,1,1,1
33,No,Travel_Rarely,905,Research & Development,9,4,Technical Degree,1,1206,3,Male,78,3,3,Healthcare Representative,1,Married,11225,22002,4,Y,No,22,3,4,80,3,15,3,3,15,9,1,10
52,No,Travel_Rarely,427,Sales,6,3,Other,1,1207,3,Female,92,3,4,Manager,4,Divorced,14576,10123,4,Y,No,22,4,1,80,2,34,4,3,5,1,1,4
42,No,Travel_Rarely,447,Research & Development,5,2,Other,1,1208,3,Male,94,3,3,Research Scientist,4,Divorced,10626,20080,6,Y,No,23,4,1,80,2,20,4,1,7,1,6,5
43,No,Travel_Frequently,1217,Research & Development,10,4,Life Sciences,1,1209,4,Female,33,3,3,Manufacturing Director,4,Single,9698,6068,6,Y,No,20,3,2,80,0,24,2,3,5,2,1,2
25,Yes,Travel_Rarely,544,Sales,6,5,Medical,1,1210,4,Male,39,3,1,Manager,1,Single,5845,8478,3,Y,No,24,4,1,80,0,7,5,2,0,0,0,0
37,No,Travel_Rarely,1280,Research & Development,1,3,Human Resources,1,1211,4,Male,31,3,5,Research Scientist,4,Married,15729,2349,0,Y,Yes,22,3,1,80,1,16,5,3,0,0,0,0
18,Yes,Travel_Frequently,334,Sales,16,4,Technical Degree,1,1212,1,Male,89,2,1,Sales Representative,4,Divorced,4861,22618,0,Y,No,25,4,2,80,2,0,0,3,0,0,0,0
40,Yes,Travel_Frequently,580,Human Resources,1,3,Life Sciences,1,1213,1,Male,47,2,3,Human Resources,4,Married,9750,24482,5,Y,Yes,13,4,4,80,1,19,3,2,2,2,2,0
39,No,Travel_Rarely,1201,Sales,1,3,Life Sciences,1,1214,4,Female,82,3,3,Sales Executive,3,Single,9535,26239,2,Y,No,20,3,3,80,0,17,1,2,1,1,1,0
33,No,Travel_Rarely,226,Research & Development,2,1,Medical,1,1215,4,Male,73,3,4,Manufacturing Director,1,Divorced,13571,2994,7,Y,Yes,16,4,4,80,2,15,0,2,6,5,1,0
26,Yes,Non-Travel,773,Research & Development,5,2,Technical Degree,1,1216,3,Female,30,4,2,Manufacturing Director,2,Single,7608,4853,7,Y,Yes,25,3,2,80,0,4,3,1,4,1,2,2
43,Yes,Non-Travel,1367,Human Resources,1,2,Medical,1,1217,2,Male,35,3,3,Human Resources,1,Single,11577,14017,0,Y,No,13,4,4,80,0,24,0,3,13,10,2,7
34,No,Travel_Frequently,623,Sales,17,3,Other,1,1218,3,Male,37,3,3,Manager,4,Married,11117,16768,9,Y,No,11,4,3,80,3,15,5,2,4,2,3,1
32,Yes,Travel_Rarely,415,Sales,7,4,Other,1,1219,4,Male,42,2,2,Manager,1,Divorced,9087,16834,6,Y,No,15,4,3,80,3,10,0,3,10,8,1,2
46,No,Travel_Frequently,1175,Sales,9,3,Medical,1,1220,1,Female,90,3,4,Sales Executive,3,Divorced,15325,9818,5,Y,Yes,22,4,2,80,3,23,1,3,22,12,1,10
59,No,Travel_Rarely,1033,Research & Development,3,3,Medical,1,1221,3,Male,61,2,4,Laboratory Technician,3,Married,12980,21280,8,Y,No,14,4,4,80,3,39,5,2,8,4,0,6
37,Yes,Travel_Rarely,500,Research & Development,7,3,Medical,1,1222,2,Female,61,3,4,Manager,1,Single,12940,10946,0,Y,Yes,12,4,2,80,0,13,5,2,1,0,1,0
39,Yes,Travel_Frequently,729,Research & Development,29,2,Marketing,1,1223,2,Female,56,4,5,Laboratory Technician,2,Married,15713,10970,4,Y,Yes,25,3,4,80,2,18,0,2,3,1,3,0
45,No,Travel_Rarely,937,Research & Development,7,3,Marketing,1,1224,2,Female,64,2,3,Research Director,1,Single,10674,26749,7,Y,No,21,3,2,80,0,25,2,2,10,7,0,2
32,No,Travel_Rarely,1085,Research & Development,5,2,Technical Degree,1,1225,1,Male,52,3,2,Research Director,2,Single,6760,24617,3,Y,Yes,11,4,4,80,0,7,3,2,3,0,3,2
41,No,Non-Travel,129,Research & Development,1,3,Medical,1,1226,2,Male,84,4,4,Manager,4,Divorced,12653,15880,9,Y,No,17,3,4,80,1,19,5,3,3,0,1,3
53,Yes,Travel_Frequently,106,Research & Development,21,3,Medical,1,1227,4,Male,47,2,3,Healthcare Representative,3,Single,10190,25921,3,Y,Yes,12,4,2,80,0,34,0,1,5,3,2,5
43,No,Travel_Rarely,1029,Research & Development,15,3,Medical,1,1228,2,Male,94,3,3,Healthcare Representative,4,Married,9340,10655,2,Y,No,11,3,3,80,1,23,5,3,0,0,0,0
40,No,Travel_Rarely,764,Sales,9,2,Marketing,1,1229,4,Female,90,3,5,Sales Executive,4,Single,15471,24950,6,Y,No,14,4,4,80,0,20,5,3,1,0,1,1
37,No,Travel_Rarely,586,Research & Development,5,3,Marketing,1,1230,3,Male,73,3,2,Research Scientist,1,Married,8617,16303,0,Y,No,24,3,1,80,3,13,4,2,4,0,0,1
29,Yes,Travel_Rarely,1444,Research & Development,1,3,Technical Degree,1,1231,1,Male,66,2,1,Manager,3,Divorced,4466,5494,8,Y,No,11,3,1,80,1,6,6,2,2,2,1,1
34,No,Travel_Rarely,559,Research & Development,3,3,Human Resources,1,1232,3,Female,92,3,3,Manufacturing Director,4,Single,11381,10351,8,Y,No,23,4,4,80,0,14,5,4,11,9,3,3
41,No,Non-Travel,978,Research & Development,12,4,Marketing,1,1233,3,Female,71,3,5,Laboratory Technician,3,Divorced,17192,7405,3,Y,No,23,4,1,80,2,16,3,2,11,6,5,8
36,No,Travel_Rarely,799,Human Resources,1,4,Human Resources,1,1234,1,Female,38,2,2,Human Resources,3,Divorced,6600,25266,3,Y,No,21,4,2,80,2,14,3,3,0,0,0,0
34,No,Travel_Rarely,817,Research & Development,11,4,Life Sciences,1,1235,3,Male,54,3,2,Healthcare Representative,3,Single,7298,23688,3,Y,No,22,3,3,80,0,12,2,3,0,0,0,0
54,Yes,Travel_Rarely,1235,Research & Development,2,5,Technical Degree,1,1236,1,Male,99,2,3,Research Scientist,1,Divorced,11342,3676,2,Y,No,21,3,1,80,2,36,0,3,4,4,1,1
18,No,Travel_Rarely,515,Research & Development,5,3,Technical Degree,1,1237,2,Male,75,3,1,Manager,4,Married,4823,26312,1,Y,No,12,3,3,80,1,0,1,3,0,0,0,0
32,Yes,Travel_Frequently,614,Research & Development,6,4,Medical,1,1238,4,Male,32,3,2,Laboratory Technician,3,Single,7950,16255,2,Y,No,23,4,2,80,0,11,0,3,8,5,0,5
31,Yes,Travel_Frequently,1296,Research & Development,3,4,Life Sciences,1,1239,3,Female,66,3,1,Manager,3,Married,3948,3852,6,Y,No,20,4,4,80,2,7,6,4,1,1,1,1
31,No,Travel_Rarely,271,Research & Development,14,4,Medical,1,1240,3,Male,79,2,1,Research Scientist,4,Married,5138,24333,5,Y,No,20,3,4,80,1,6,5,4,4,2,0,1
33,Yes,Non-Travel,121,Research & Development,29,3,Other,1,1241,4,Female,38,3,2,Healthcare Representative,4,Single,7278,18547,9,Y,No,18,4,3,80,0,13,4,3,1,0,1,1
30,No,Travel_Rarely,1116,Research & Development,25,4,Marketing,1,1242,4,Male,60,3,2,Manager,2,Married,7076,10936,6,Y,No,11,3,1,80,1,6,0,3,4,0,4,4
31,No,Travel_Rarely,1130,Research & Development,1,3,Technical Degree,1,1243,4,Male,73,3,1,Manager,4,Married,5587,5053,5,Y,No,21,3,4,80,3,7,3,3,7,4,1,3
44,No,Travel_Rarely,860,Sales,5,4,Marketing,1,1244,2,Female,70,3,4,Sales Executive,4,Single,14025,6007,6,Y,No,12,3,2,80,0,20,1,2,7,3,0,1
39,No,Travel_Rarely,1235,Human Resources,21,4,Medical,1,1245,4,Male,68,3,3,Human Resources,4,Divorced,10077,19316,7,Y,No,20,4,3,80,2,16,5,3,3,3,1,0
40,No,Travel_Rarely,122,Sales,8,2,Marketing,1,1246,2,Male,44,3,5,Sales Executive,4,Married,17337,18080,6,Y,No,14,3,1,80,1,16,6,2,5,5,5,4
27,No,Travel_Rarely,1347,Research & Development,10,1,Medical,1,1247,2,Female,96,3,1,Healthcare Representative,4,Married,4639,12232,1,Y,No,11,4,3,80,2,4,0,3,1,0,1,0
44,No,Travel_Rarely,599,Research & Development,1,4,Medical,1,1248,4,Female,99,3,4,Manager,4,Married,12923,2202,6,Y,No,24,4,1,80,1,24,4,3,8,2,1,3
32,No,Travel_Rarely,1085,Research & Development,22,5,Human Resources,1,1249,3,Male,52,3,2,Research Scientist,3,Divorced,7094,18711,1,Y,No,21,3,2,80,1,13,1,3,0,0,0,0
21,Yes,Travel_Rarely,804,Research & Development,2,3,Marketing,1,1250,3,Male,46,2,1,Manufacturing Director,1,Married,4404,24680,7,Y,Yes,22,4,4,80,2,1,3,3,1,1,1,1
32,No,Travel_Rarely,1131,Research & Development,4,3,Other,1,1251,3,Male,51,4,1,Research Scientist,3,Married,4512,2224,1,Y,No,16,3,1,80,3,7,2,3,7,4,0,5
28,No,Travel_Rarely,150,Research & Development,11,3,Life Sciences,1,1252,1,Female,46,4,1,Research Director,3,Married,4526,20533,4,Y,No,19,4,2,80,2,3,4,2,3,0,1,0
37,No,Travel_Frequently,1319,Sales,5,4,Other,1,1253,4,Female,74,3,2,Sales Representative,4,Single,6614,25695,6,Y,No,22,4,1,80,0,13,4,4,0,0,0,0
45,No,Travel_Frequently,999,Research & Development,4,4,Other,1,1254,3,Male,47,3,3,Manager,2,Married,10907,2117,2,Y,No,11,3,2,80,1,21,5,1,11,11,7,4
34,Yes,Travel_Rarely,1390,Research & Development,21,3,Medical,1,1255,2,Female,30,3,3,Research Scientist,4,Married,10388,13481,6,Y,Yes,21,4,2,80,3,9,3,3,3,0,0,1
42,No,Travel_Rarely,826,Sales,1,2,Technical Degree,1,1256,4,Female,96,3,4,Manager,3,Married,14498,18563,6,Y,No,19,3,3,80,2,21,0,4,6,0,0,3
41,No,Non-Travel,128,Human Resources,14,3,Medical,1,1257,1,Female,35,3,4,Human Resources,1,Married,11268,2932,1,Y,No,25,3,2,80,2,21,0,2,2,0,2,1
26,No,Travel_Rarely,240,Sales,12,2,Technical Degree,1,1258,3,Female,97,4,1,Sales Representative,1,Divorced,3838,9271,2,Y,No,12,3,1,80,3,1,0,3,1,1,1,0
34,No,Travel_Rarely,1381,Sales,11,3,Marketing,1,1259,2,Male,34,3,2,Manager,3,Married,6660,25971,3,Y,No,23,3,2,80,3,15,1,3,0,0,0,0
23,Yes,Travel_Frequently,1472,Sales,1,3,Technical Degree,1,1260,2,Male,54,3,1,Sales Representative,3,Single,3440,2793,8,Y,No,12,3,4,80,0,0,3,3,0,0,0,0
37,No,Travel_Rarely,1145,Research & Development,10,3,Other,1,1261,1,Male,83,2,4,Laboratory Technician,2,Single,12959,3944,5,Y,No,18,4,2,80,0,17,3,3,3,3,1,0
42,Yes,Travel_Rarely,1103,Research & Development,8,4,Other,1,1262,4,Male,97,3,5,Manager,1,Married,17445,17893,1,Y,Yes,20,3,3,80,3,24,2,1,17,8,2,11
37,Yes,Travel_Rarely,1163,Sales,19,1,Marketing,1,1263,3,Female,98,4,2,Sales Representative,4,Single,7422,6885,5,Y,No,13,4,2,80,0,15,5,3,6,1,1,6
43,No,Travel_Rarely,1191,Human Resources,6,4,Other,1,1264,3,Male,31,3,4,Human Resources,4,Single,12064,22033,8,Y,No,14,3,3,80,0,24,0,1,2,0,1,2
41,No,Travel_Rarely,1027,Research & Development,5,3,Life Sciences,1,1265,3,Female,36,2,3,Manager,2,Divorced,8423,13202,1,Y,No,16,4,3,80,3,23,5,3,2,0,2,1
25,No,Travel_Rarely,1049,Human Resources,6,1,Medical,1,1266,3,Male,62,4,1,Human Resources,4,Married,3156,17868,6,Y,No,22,3,4,80,3,5,1,3,5,3,5,2
35,Yes,Non-Travel,103,Sales,5,4,Other,1,1267,1,Male,80,3,3,Sales Representative,4,Married,9178,8170,5,Y,Yes,14,4,4,80,2,11,6,4,5,2,2,5
34,Yes,Travel_Rarely,1016,Research & Development,16,3,Marketing,1,1268,3,Female,99,3,2,Manufacturing Director,3,Divorced,7283,14555,5,Y,Yes,18,3,2,80,1,13,3,3,0,0,0,0
41,No,Travel_Rarely,143,Sales,1,4,Medical,1,1269,3,Female,51,4,3,Manager,1,Married,10067,13939,8,Y,No,18,3,3,80,2,23,4,3,5,0,0,0
26,Yes,Travel_Rarely,683,Research & Development,2,3,Other,1,1270,4,Male,93,3,3,Healthcare Representative,2,Single,11094,11311,9,Y,No,12,3,2,80,0,8,3,4,8,3,1,6
39,No,Travel_Frequently,780,Sales,10,2,Medical,1,1271,3,Male,88,3,3,Manager,2,Married,11238,22256,6,Y,Yes,13,3,2,80,1,21,4,2,8,3,3,3
27,No,Travel_Rarely,879,Research & Development,5,1,Human Resources,1,1272,1,Female,47,3,2,Research Scientist,2,Single,8904,12326,4,Y,No,12,3,3,80,0,9,3,2,9,8,4,5
28,No,Travel_Frequently,133,Research & Development,2,4,Technical Degree,1,1273,2,Male,89,3,2,Manufacturing Director,2,Married,7121,26864,2,Y,No,20,4,4,80,2,4,0,3,3,3,3,3
43,No,Non-Travel,1233,Research & Development,1,3,Other,1,1274,3,Female,51,2,4,Manufacturing Director,4,Single,12442,11685,9,Y,No,13,3,2,80,0,24,0,3,2,2,1,2
39,No,Travel_Rarely,380,Human Resources,13,2,Human Resources,1,1275,2,Female,65,3,5,Human Resources,1,Married,15542,26664,9,Y,Yes,12,3,2,80,1,19,4,1,0,0,0,0
36,No,Travel_Rarely,418,Sales,12,2,Medical,1,1276,4,Female,75,3,4,Manager,3,Married,14597,26256,8,Y,No,11,3,2,80,3,12,1,2,11,7,4,6
47,No,Travel_Rarely,450,Research & Development,9,4,Marketing,1,1277,2,Male,43,4,5,Research Scientist,1,Married,17349,4038,9,Y,No,11,4,2,80,1,24,2,3,11,6,1,9
34,No,Travel_Rarely,876,Sales,5,3,Life Sciences,1,1278,3,Female,81,2,5,Manager,3,Divorced,16268,14448,0,Y,No,18,3,3,80,3,16,1,2,0,0,0,0
25,Yes,Travel_Rarely,382,Sales,1,1,Marketing,1,1279,3,Male,80,3,2,Sales Representative,1,Married,7576,22007,5,Y,Yes,18,4,2,80,3,4,2,2,4,4,2,1
50,No,Non-Travel,1357,Research & Development,2,4,Human Resources,1,1280,2,Female,58,3,5,Manufacturing Director,2,Single,15973,2468,3,Y,No,20,4,2,80,0,29,1,3,3,3,2,0
32,No,Travel_Rarely,1050,Sales,6,3,Life Sciences,1,1281,2,Male,34,3,1,Sales Representative,4,Married,4874,11120,9,Y,No,20,3,2,80,3,7,4,3,7,3,1,4
46,Yes,Travel_Frequently,206,Research & Development,4,4,Marketing,1,1282,3,Female,96,3,3,Manufacturing Director,4,Single,9821,26532,0,Y,No,15,3,3,80,0,21,5,4,1,0,1,0
26,Yes,Travel_Rarely,245,Research & Development,2,3,Other,1,1283,3,Male,45,3,1,Research Director,2,Married,4288,3144,4,Y,Yes,19,4,3,80,3,7,3,2,7,0,2,4
57,No,Travel_Rarely,930,Research & Development,14,4,Medical,1,1284,2,Male,33,3,4,Research Scientist,3,Divorced,15189,23005,8,Y,No,15,3,2,80,3,37,5,4,12,7,2,9
32,No,Travel_Rarely,297,Research & Development,11,1,Marketing,1,1285,4,Female,64,3,2,Manufacturing Director,3,Single,8074,26661,4,Y,No,11,3,3,80,0,11,0,2,4,0,1,3
36,No,Travel_Rarely,417,Sales,2,4,Technical Degree,1,1286,4,Male,88,3,5,Sales Representative,1,Married,15723,8848,4,Y,No,15,4,3,80,3,18,4,3,9,3,1,5
42,No,Travel_Frequently,239,Sales,9,3,Life Sciences,1,1287,4,Male,37,2,4,Sales Representative,4,Divorced,13638,25059,5,Y,No,14,3,4,80,2,18,2,4,3,0,3,0
29,Yes,Travel_Rarely,914,Sales,7,2,Technical Degree,1,1288,2,Female,93,4,2,Manager,4,Divorced,8852,17326,5,Y,Yes,13,4,1,80,2,11,6,2,10,3,0,5
46,No,Travel_Rarely,308,Human Resources,11,3,Technical Degree,1,1289,1,Male,92,2,4,Human Resources,4,Divorced,13790,25663,6,Y,No,18,4,4,80,2,21,1,3,3,1,3,0
41,No,Travel_Frequently,994,Sales,3,4,Medical,1,1290,3,Female,32,3,5,Sales Executive,3,Married,16879,14899,1,Y,Yes,16,4,4,80,2,20,0,2,5,2,1,1
33,No,Travel_Rarely,1386,Sales,8,5,Marketing,1,1291,4,Male,44,3,3,Sales Executive,2,Married,11312,24756,6,Y,No,20,4,1,80,2,14,1,2,14,7,0,7
29,No,Travel_Rarely,890,Sales,1,3,Other,1,1292,2,Male,67,4,2,Manager,4,Single,7554,13788,5,Y,No,24,4,3,80,0,6,1,3,5,5,0,5
30,No,Travel_Rarely,1308,Research & Development,4,3,Other,1,1293,4,Female,85,3,3,Research Scientist,2,Single,10245,23583,2,Y,Yes,25,4,3,80,0,10,4,3,6,4,1,1
32,No,Travel_Rarely,1032,Research & Development,4,2,Technical Degree,1,1294,2,Female,55,2,3,Manufacturing Director,4,Married,9198,10846,4,Y,No,23,4,2,80,3,13,4,3,3,2,1,1
28,No,Travel_Rarely,182,Research & Development,1,4,Technical Degree,1,1295,1,Female,95,4,3,Healthcare Representative,1,Married,10471,5199,0,Y,No,12,4,4,80,1,9,4,3,3,0,3,2
34,No,Travel_Rarely,131,Sales,2,4,Human Resources,1,1296,4,Female,96,4,4,Sales Executive,4,Divorced,14302,2687,5,Y,No,19,3,3,80,1,13,2,3,4,1,4,1
48,No,Travel_Rarely,1310,Research & Development,1,2,Life Sciences,1,1297,2,Male,34,3,5,Research Director,4,Divorced,17269,22893,2,Y,No,12,3,3,80,3,25,0,3,25,11,2,13
48,No,Travel_Frequently,1375,Research & Development,29,1,Life Sciences,1,1298,3,Female,95,3,3,Healthcare Representative,4,Married,12219,20444,4,Y,No,20,4,2,80,2,24,4,2,23,15,5,12
41,No,Travel_Rarely,809,Research & Development,2,4,Medical,1,1299,4,Female,37,2,5,Research Director,4,Married,16867,12029,3,Y,No,25,4,3,80,2,17,2,2,3,2,3,0
31,Yes,Travel_Rarely,304,Research & Development,11,4,Technical Degree,1,1300,4,Female,57,2,2,Research Director,4,Single,8710,24032,9,Y,Yes,16,4,4,80,0,10,3,3,10,4,0,6
36,No,Travel_Rarely,133,Research & Development,17,2,Life Sciences,1,1301,3,Male,85,3,3,Manager,3,Single,12204,22145,6,Y,Yes,16,4,2,80,0,14,4,3,14,10,0,8
39,No,Non-Travel,1250,Sales,5,2,Medical,1,1302,4,Male,34,3,4,Sales Representative,4,Single,13948,7369,2,Y,Yes,25,3,4,80,0,15,0,4,5,4,0,3
43,Yes,Travel_Rarely,546,Sales,3,4,Technical Degree,1,1303,1,Male,53,3,3,Sales Executive,4,Single,10706,9903,1,Y,No,24,4,3,80,0,23,6,3,9,3,3,3
31,Yes,Travel_Rarely,138,Research & Development,4,3,Other,1,1304,1,Female,40,3,1,Research Director,2,Single,3517,23144,8,Y,No,18,4,2,80,0,6,5,3,4,0,3,2
24,Yes,Travel_Frequently,439,Research & Development,12,2,Medical,1,1305,3,Male,43,3,1,Laboratory Technician,4,Divorced,4134,23667,8,Y,Yes,19,4,3,80,2,1,1,2,1,1,0,0
54,No,Non-Travel,1249,Research & Development,2,3,Technical Degree,1,1306,4,Male,61,3,3,Manufacturing Director,3,Single,10612,14169,8,Y,No,23,4,3,80,0,30,3,4,8,7,2,2
36,No,Travel_Frequently,1028,Research & Development,10,2,Other,1,1307,3,Female,97,3,2,Manager,3,Divorced,8844,23868,1,Y,No,19,4,3,80,3,15,1,2,0,0,0,0
33,Yes,Travel_Rarely,1483,Research & Development,11,4,Human Resources,1,1308,1,Female,55,3,2,Laboratory Technician,3,Married,7357,18647,9,Y,Yes,17,4,3,80,3,13,2,3,8,1,0,3
38,No,Travel_Rarely,764,Research & Development,1,3,Other,1,1309,4,Male,73,3,3,Healthcare Representative,3,Single,9763,5622,4,Y,No,24,3,3,80,0,18,4,3,0,0,0,0
33,No,Travel_Rarely,1159,Research & Development,1,4,Life Sciences,1,1310,4,Female,55,2,3,Manager,4,Divorced,10086,3564,5,Y,No,12,4,3,80,3,8,0,3,8,2,0,3
32,No,Travel_Rarely,762,Research & Development,21,2,Other,1,1311,4,Male,36,3,2,Laboratory Technician,4,Single,7843,8870,1,Y,No,11,4,2,80,0,9,5,3,1,0,1,0
31,No,Non-Travel,1073,Research & Development,1,4,Technical Degree,1,1312,3,Male,49,3,2,Research Scientist,4,Single,7758,26669,1,Y,No,18,3,4,80,0,13,6,3,13,6,1,12
43,No,Travel_Rarely,123,Research & Development,14,4,Technical Degree,1,1313,2,Male,90,3,5,Healthcare Representative,3,Single,17186,20451,1,Y,No,22,3,4,80,0,22,5,3,1,0,1,0
25,Yes,Travel_Frequently,712,Research & Development,16,2,Marketing,1,1314,1,Female,62,3,2,Research Director,3,Married,8454,9400,9,Y,Yes,24,3,1,80,1,6,4,4,1,0,1,0
31,Yes,Travel_Rarely,717,Sales,1,3,Technical Degree,1,1315,3,Male,94,3,2,Sales Representative,4,Single,6963,5636,1,Y,No,14,4,4,80,0,7,6,3,1,1,1,0
46,No,Travel_Rarely,177,Sales,8,3,Other,1,1316,3,Male,90,2,4,Manager,3,Married,12273,5015,2,Y,No,22,4,3,80,3,22,4,3,3,0,0,3
38,No,Travel_Rarely,690,Research & Development,15,3,Human Resources,1,1317,4,Male,39,3,5,Manager,3,Married,15745,13880,7,Y,No,18,3,1,80,2,18,5,2,5,0,0,2
45,No,Travel_Rarely,997,Research & Development,9,1,Medical,1,1318,4,Female,54,3,3,Manufacturing Director,2,Single,9470,2282,2,Y,No,23,3,1,80,0,21,4,3,9,7,1,2
39,No,Travel_Rarely,171,Research & Development,1,4,Medical,1,1319,3,Female,88,2,4,Laboratory Technician,2,Divorced,14460,24522,2,Y,No,25,3,4,80,2,20,0,2,3,0,3,0
37,No,Travel_Frequently,963,Research & Development,1,3,Marketing,1,1320,1,Female,92,3,2,Research Director,3,Married,7167,21575,7,Y,No,23,4,1,80,3,14,2,3,3,0,1,3
33,No,Travel_Rarely,983,Research & Development,5,2,Other,1,1321,4,Female,51,2,3,Research Director,1,Married,10031,18543,1,Y,No,20,3,3,80,2,11,2,4,3,1,1,2
43,Yes,Travel_Rarely,1305,Research & Development,3,3,Other,1,1322,3,Female,92,2,3,Research Director,4,Married,10927,16868,3,Y,Yes,17,4,3,80,3,23,0,2,0,0,0,0
23,No,Travel_Rarely,603,Sales,1,4,Life Sciences,1,1323,3,Female,44,3,1,Manager,3,Married,3783,22795,9,Y,No,19,4,3,80,2,2,2,4,2,0,1,0
35,No,Non-Travel,1373,Research & Development,2,3,Life Sciences,1,1324,2,Male,40,2,3,Healthcare Representative,3,Single,10441,20060,9,Y,Yes,24,4,2,80,0,12,2,4,4,4,1,0
28,Yes,Travel_Frequently,939,Sales,15,1,Medical,1,1325,1,Male,46,2,2,Sales Executive,4,Married,8617,23645,7,Y,No,12,3,1,80,2,10,1,2,2,2,0,0
31,No,Travel_Rarely,1103,Sales,2,4,Technical Degree,1,1326,3,Male,71,1,3,Sales Executive,4,Married,10010,22832,7,Y,Yes,19,3,1,80,1,8,6,3,6,2,1,6
33,No,Travel_Rarely,1457,Research & Development,24,3,Medical,1,1327,4,Male,35,2,4,Healthcare Representative,4,Married,13286,16632,2,Y,No,20,4,4,80,2,9,1,3,9,3,1,2
55,Yes,Travel_Rarely,1007,Sales,1,3,Life Sciences,1,1328,2,Male,70,3,3,Manager,2,Single,11547,8755,9,Y,No,19,4,1,80,0,35,1,3,8,3,0,3
34,Yes,Travel_Frequently,861,Research & Development,16,3,Human Resources,1,1329,3,Male,34,2,2,Manager,3,Single,7590,16952,0,Y,Yes,16,3,3,80,0,12,6,3,0,0,0,0
37,No,Travel_Rarely,451,Research & Development,1,1,Medical,1,1330,3,Female,69,4,5,Healthcare Representative,4,Married,15650,4861,3,Y,No,18,3,4,80,2,16,3,2,5,3,4,3
37,Yes,Travel_Rarely,919,Research & Development,28,3,Human Resources,1,1331,3,Male,90,3,5,Laboratory Technician,1,Married,15603,17847,5,Y,No,25,4,3,80,1,19,4,3,3,3,0,2
27,No,Travel_Rarely,768,Sales,1,4,Marketing,1,1332,3,Female,97,3,1,Sales Representative,3,Married,4444,16759,2,Y,Yes,14,4,3,80,3,2,3,2,2,2,0,2
21,No,Travel_Rarely,336,Sales,1,2,Medical,1,1333,2,Male,41,3,1,Manager,3,Married,4986,13342,5,Y,No,21,4,1,80,3,3,3,3,3,1,0,3
48,No,Travel_Rarely,782,Research & Development,3,1,Technical Degree,1,1334,3,Female,85,3,3,Manufacturing Director,1,Married,9676,23364,5,Y,No,22,3,3,80,3,25,5,3,5,4,0,1
38,Yes,Travel_Rarely,1356,Research & Development,1,2,Technical Degree,1,1335,4,Female,82,2,3,Laboratory Technician,2,Single,11228,15246,3,Y,Yes,21,3,3,80,0,15,6,2,10,8,7,5
39,No,Travel_Rarely,338,Research & Development,2,5,Other,1,1336,3,Female,80,1,2,Research Director,4,Married,7890,15407,8,Y,Yes,25,3,2,80,3,14,1,3,6,3,5,3
42,No,Travel_Rarely,910,Research & Development,10,3,Technical Degree,1,1337,1,Female,52,3,5,Manufacturing Director,2,Single,16318,7395,9,Y,No,16,4,3,80,0,24,6,2,0,0,0,0
36,Yes,Travel_Rarely,281,Research & Development,1,3,Marketing,1,1338,1,Female,83,4,4,Manufacturing Director,4,Married,14505,13004,0,Y,Yes,24,4,4,80,2,17,2,2,4,0,0,2
37,No,Travel_Rarely,1336,Research & Development,6,3,Marketing,1,1339,4,Female,54,3,2,Manufacturing Director,3,Divorced,8797,20037,3,Y,No,18,3,2,80,3,15,4,3,9,3,1,7
30,Yes,Travel_Rarely,983,Research & Development,1,4,Technical Degree,1,1340,2,Female,49,2,3,Laboratory Technician,2,Single,9507,4986,3,Y,No,19,4,2,80,0,11,0,3,2,2,0,1
42,Yes,Travel_Rarely,487,Research & Development,2,2,Human Resources,1,1341,4,Female,56,3,4,Research Scientist,4,Divorced,15654,12148,0,Y,Yes,22,3,3,80,3,22,5,3,14,6,1,4
29,No,Travel_Rarely,1016,Sales,5,3,Medical,1,1342,4,Male,88,3,2,Manager,4,Married,8596,26753,4,Y,No,20,3,3,80,3,9,4,3,9,3,0,1
33,Yes,Travel_Rarely,914,Research & Development,3,4,Medical,1,1343,3,Male,45,2,2,Research Scientist,4,Single,5567,25462,3,Y,No,24,3,3,80,0,9,3,2,3,3,0,3
35,No,Travel_Rarely,556,Research & Development,6,2,Medical,1,1344,4,Male,94,3,2,Research Scientist,1,Single,8185,19412,9,Y,No,21,4,3,80,0,12,1,3,11,6,3,6
44,Yes,Travel_Rarely,391,Sales,7,1,Medical,1,1345,3,Female,82,2,3,Manager,1,Married,11455,23492,2,Y,No,23,3,4,80,3,23,2,3,2,2,0,0
43,No,Non-Travel,1436,Research & Development,28,1,Medical,1,1346,3,Male,32,3,3,Laboratory Technician,1,Single,11601,15026,2,Y,No,22,3,2,80,0,19,0,3,19,9,0,10
25,No,Travel_Rarely,271,Research & Development,4,3,Technical Degree,1,1347,1,Male,65,3,1,Laboratory Technician,4,Single,3907,26815,3,Y,No,20,3,3,80,0,1,1,2,1,0,1,0
27,No,Non-Travel,453,Human Resources,3,4,Life Sciences,1,1348,4,Female,38,3,2,Human Resources,4,Single,7482,9664,2,Y,No,18,3,3,80,0,7,4,3,3,0,0,2
42,No,Travel_Rarely,739,Research & Development,7,3,Medical,1,1349,3,Male,76,3,3,Research Director,4,Divorced,9277,21759,4,Y,No,18,3,2,80,2,19,0,3,2,2,0,0
24,No,Non-Travel,1053,Sales,12,2,Other,1,1350,4,Female,34,1,1,Sales Executive,3,Single,4500,22314,9,Y,No,11,3,3,80,0,3,0,3,3,2,1,3
32,No,Travel_Frequently,529,Research & Development,29,4,Medical,1,1351,1,Male,71,3,2,Research Scientist,2,Single,6492,8175,0,Y,No,24,4,1,80,0,10,1,3,1,0,0,1
53,No,Travel_Rarely,750,Research & Development,29,4,Human Resources,1,1352,1,Male,89,3,3,Manager,1,Divorced,11035,26292,4,Y,No,11,4,1,80,1,29,6,3,3,1,3,1
47,No,Travel_Rarely,159,Research & Development,20,1,Human Resources,1,1353,1,Female,49,2,5,Research Scientist,4,Married,17448,25179,2,Y,No,23,4,2,80,2,23,3,2,10,7,4,5
39,No,Travel_Rarely,1112,Research & Development,3,2,Technical Degree,1,1354,2,Male,74,3,4,Manager,1,Single,15649,7442,6,Y,No,12,4,4,80,0,16,4,3,15,8,1,7
18,Yes,Travel_Frequently,954,Research & Development,1,4,Human Resources,1,1355,2,Male,86,4,1,Research Director,1,Single,4006,9199,1,Y,Yes,25,3,3,80,0,0,3,3,0,0,0,0
50,No,Travel_Rarely,284,Sales,19,1,Marketing,1,1356,2,Female,89,4,4,Manager,4,Divorced,13017,3041,6,Y,No,12,3,3,80,1,26,5,3,6,5,1,6
40,No,Travel_Rarely,697,Sales,17,3,Medical,1,1357,1,Male,46,4,2,Sales Representative,3,Married,7022,15162,0,Y,No,22,4,3,80,1,15,4,3,1,0,1,1
39,Yes,Travel_Frequently,570,Research & Development,2,4,Technical Degree,1,1358,2,Male,37,3,3,Research Scientist,3,Single,10667,23203,6,Y,No,25,4,3,80,0,17,1,2,17,9,3,11
36,No,Travel_Rarely,989,Research & Development,2,4,Marketing,1,1359,4,Female,64,3,4,Research Director,3,Single,13940,21115,5,Y,No,11,4,3,80,0,17,0,3,6,0,1,4
39,No,Travel_Frequently,759,Research & Development,5,5,Other,1,1360,3,Male,87,3,3,Research Scientist,4,Married,11492,26594,6,Y,Yes,11,3,1,80,2,18,4,3,7,1,1,0
40,No,Travel_Rarely,839,Human Resources,10,3,Marketing,1,1361,3,Female,49,3,3,Human Resources,3,Divorced,11010,13982,3,Y,No,12,4,3,80,3,18,6,1,4,0,4,2
38,No,Travel_Rarely,1270,Human Resources,1,4,Human Resources,1,1362,1,Male,49,3,2,Human Resources,4,Single,7222,18549,1,Y,No,19,4,3,80,0,15,3,3,6,3,2,2
35,No,Travel_Frequently,1354,Research & Development,8,3,Medical,1,1363,4,Male,33,3,3,Healthcare Representative,3,Married,10505,18822,8,Y,Yes,22,3,4,80,3,13,3,3,0,0,0,0
30,No,Travel_Frequently,980,Sales,5,3,Other,1,1364,1,Male,45,3,2,Sales Executive,4,Married,10232,16007,2,Y,No,22,4,4,80,2,10,5,3,10,5,6,6
54,No,Travel_Rarely,331,Research & Development,11,2,Medical,1,1365,1,Male,77,2,5,Manufacturing Director,3,Divorced,16378,23376,8,Y,Yes,18,3,1,80,3,31,4,3,7,7,0,2
34,No,Non-Travel,1477,Research & Development,1,4,Marketing,1,1366,3,Female,53,3,3,Manager,3,Married,11410,18103,3,Y,No,18,4,3,80,3,13,3,4,13,6,7,7
43,Yes,Travel_Frequently,1283,Research & Development,1,3,Other,1,1367,2,Male,65,3,4,Healthcare Representative,2,Single,12737,19306,4,Y,Yes,22,3,4,80,0,22,1,1,2,2,0,1
40,No,Non-Travel,1084,Research & Development,7,4,Medical,1,1368,3,Female,51,3,2,Laboratory Technician,4,Single,6056,6153,3,Y,No,12,4,4,80,0,15,6,3,0,0,0,0
47,No,Travel_Rarely,1433,Research & Development,8,4,Life Sciences,1,1369,3,Male,86,3,5,Manager,4,Married,17310,26356,3,Y,No,19,3,2,80,3,22,0,1,0,0,0,0
37,Yes,Travel_Rarely,356,Research & Development,1,4,Human Resources,1,1370,4,Female,95,3,2,Manufacturing Director,3,Married,7005,2992,8,Y,Yes,23,3,4,80,3,15,4,4,0,0,0,0
33,No,Travel_Frequently,582,Human Resources,1,4,Life Sciences,1,1371,1,Female,57,3,2,Human Resources,2,Single,5545,26457,0,Y,No,18,3,4,80,0,8,3,2,4,1,4,2
25,Yes,Travel_Rarely,218,Research & Development,2,4,Other,1,1372,4,Male,59,2,2,Manager,1,Married,6487,18073,7,Y,No,20,3,2,80,2,6,3,2,5,4,5,2
58,Yes,Travel_Rarely,1081,Research & Development,4,4,Other,1,1373,1,Male,61,2,3,Manager,2,Single,11232,6925,5,Y,Yes,25,4,4,80,0,40,0,3,15,9,1,10
39,No,Travel_Rarely,759,Sales,3,4,Other,1,1374,2,Female,31,3,2,Manager,3,Married,7952,19694,1,Y,No,20,4,3,80,3,14,4,3,6,0,0,5
50,No,Travel_Rarely,676,Sales,27,3,Marketing,1,1375,4,Male,31,3,3,Sales Representative,4,Married,10285,20574,2,Y,No,11,3,4,80,1,25,5,3,2,0,2,2
28,No,Travel_Rarely,837,Research & Development,1,5,Human Resources,1,1376,3,Male,69,3,1,Manager,1,Single,5909,19105,4,Y,No,11,3,1,80,0,7,0,2,7,5,5,7
44,Yes,Travel_Rarely,272,Research & Development,3,3,Technical Degree,1,1377,3,Female,54,3,3,Manager,1,Divorced,9447,19472,0,Y,Yes,22,4,2,80,3,23,4,3,2,1,2,1
35,Yes,Travel_Rarely,1120,Human Resources,20,4,Life Sciences,1,1378,2,Female,62,4,2,Human Resources,2,Single,7660,4425,6,Y,No,21,4,1,80,0,12,3,3,1,1,1,1
46,No,Travel_Rarely,879,Sales,1,4,Other,1,1379,1,Male,83,2,3,Manager,2,Married,10400,11362,5,Y,No,23,3,2,80,1,28,2,3,8,4,6,4
35,No,Travel_Rarely,647,Sales,13,4,Medical,1,1380,1,Male,68,3,3,Sales Executive,3,Married,9531,19469,9,Y,No,15,3,4,80,3,10,0,3,7,3,0,3
29,No,Travel_Frequently,523,Research & Development,2,5,Marketing,1,1381,3,Male,87,2,2,Research Director,3,Single,7679,19498,0,Y,No,16,3,4,80,0,7,2,3,5,2,5,0
42,Yes,Travel_Rarely,1449,Research & Development,1,3,Technical Degree,1,1382,1,Female,56,2,4,Research Director,1,Married,13686,5804,7,Y,Yes,17,4,2,80,3,20,6,3,4,0,4,0
38,Yes,Travel_Rarely,829,Sales,1,3,Technical Degree,1,1383,2,Female,87,4,4,Sales Representative,3,Single,12801,17431,0,Y,Yes,13,4,4,80,0,17,5,4,11,6,3,3
40,No,Travel_Rarely,1480,Research & Development,1,4,Marketing,1,1384,4,Female,82,3,2,Manufacturing Director,2,Single,9142,8992,3,Y,No,24,4,2,80,0,15,5,3,11,6,0,3
36,No,Non-Travel,660,Sales,20,4,Life Sciences,1,1385,2,Male,50,3,3,Sales Representative,3,Married,10202,26190,6,Y,No,24,4,3,80,3,11,0,2,1,1,1,0
38,No,Travel_Frequently,1117,Sales,1,3,Life Sciences,1,1386,1,Female,89,3,5,Manager,3,Married,14067,24401,8,Y,No,15,3,4,80,1,16,2,3,5,5,3,3
27,Yes,Travel_Rarely,1081,Research & Development,1,3,Human Resources,1,1387,2,Female,35,3,2,Research Scientist,3,Married,7486,2786,8,Y,Yes,12,3,3,80,1,9,1,3,9,5,3,5
37,No,Travel_Rarely,343,Sales,26,3,Life Sciences,1,1388,1,Male,52,4,4,Manager,4,Single,13757,20849,4,Y,No,17,4,3,80,0,17,0,3,12,3,1,7
37,No,Non-Travel,417,Research & Development,21,2,Technical Degree,1,1389,4,Female,57,3,3,Research Director,3,Divorced,11052,20901,4,Y,No,24,3,2,80,1,14,4,3,0,0,0,0
30,No,Travel_Frequently,1031,Research & Development,3,2,Other,1,1390,4,Female,56,2,2,Manager,4,Married,8343,4539,6,Y,No,13,4,4,80,1,6,0,3,1,0,1,0
44,No,Travel_Rarely,1180,Research & Development,1,4,Technical Degree,1,1391,3,Female,85,3,4,Healthcare Representative,3,Divorced,13298,16591,2,Y,No,19,4,3,80,3,23,3,2,8,4,0,7
36,Yes,Travel_Rarely,118,Research & Development,1,3,Life Sciences,1,1392,2,Male,88,1,3,Research Director,3,Single,11685,5445,9,Y,Yes,12,3,1,80,0,12,4,1,12,10,9,5
38,Yes,Travel_Rarely,1009,Sales,23,3,Technical Degree,1,1393,1,Female,58,3,3,Sales Executive,1,Single,9475,5096,3,Y,Yes,18,3,4,80,0,19,5,3,2,0,1,1
50,Yes,Travel_Rarely,113,Research & Development,7,1,Other,1,1394,2,Female,42,3,3,Manager,2,Divorced,10261,23738,4,Y,Yes,20,3,4,80,2,27,3,3,3,2,0,0
46,No,Travel_Frequently,1213,Human Resources,22,2,Human Resources,1,1395,1,Female,35,4,3,Human Resources,4,Married,14017,11162,7,Y,No,12,3,2,80,2,28,6,2,28,19,1,15
20,No,Non-Travel,663,Human Resources,3,1,Life Sciences,1,1396,3,Female,93,3,1,Human Resources,4,Divorced,3987,17977,9,Y,No,17,4,1,80,3,0,0,3,0,0,0,0
40,No,Travel_Rarely,1163,Research & Development,5,1,Technical Degree,1,1397,3,Female,50,3,4,Manufacturing Director,1,Married,13093,18433,7,Y,Yes,12,3,4,80,3,20,2,3,1,0,1,0
21,No,Non-Travel,383,Research & Development,1,1,Marketing,1,1398,4,Female,63,2,1,Research Scientist,2,Married,4017,6843,6,Y,No,18,3,4,80,2,0,4,2,0,0,0,0
23,Yes,Travel_Frequently,113,Sales,2,3,Marketing,1,1399,1,Female,86,2,1,Sales Executive,4,Single,2940,14616,8,Y,Yes,12,4,3,80,0,3,5,2,3,1,0,0
46,No,Travel_Rarely,329,Research & Development,7,2,Medical,1,1400,1,Male,98,3,3,Manufacturing Director,4,Single,9627,2289,0,Y,No,25,4,3,80,0,21,3,2,3,1,3,0
31,No,Travel_Rarely,411,Research & Development,1,3,Marketing,1,1401,4,Female,44,1,2,Manufacturing Director,2,Divorced,7911,13968,2,Y,Yes,18,3,4,80,3,6,5,2,6,3,1,0
30,No,Non-Travel,440,Research & Development,2,3,Technical Degree,1,1402,3,Male,73,2,3,Healthcare Representative,4,Married,10057,26845,6,Y,No,23,3,4,80,2,10,0,3,8,6,0,1
27,No,Travel_Rarely,903,Sales,3,4,Human Resources,1,1403,4,Male,86,3,3,Manager,4,Married,11076,14506,1,Y,No,17,4,3,80,1,8,1,3,8,4,6,4
46,No,Travel_Frequently,142,Sales,23,4,Human Resources,1,1404,1,Female,79,3,4,Sales Representative,2,Divorced,12606,22228,4,Y,No,11,4,2,80,3,28,4,1,0,0,0,0
40,No,Travel_Rarely,575,Research & Development,1,4,Human Resources,1,1405,2,Male,33,3,4,Manager,4,Single,14372,26881,0,Y,No,15,4,4,80,0,18,0,3,15,6,4,11
39,No,Travel_Rarely,598,Sales,6,4,Technical Degree,1,1406,3,Female,37,3,3,Manager,3,Single,9772,10705,7,Y,No,11,3,1,80,0,21,3,3,3,3,2,2
30,No,Travel_Rarely,1094,Research & Development,1,2,Technical Degree,1,1407,2,Male,69,1,2,Healthcare Representative,3,Married,7698,2892,6,Y,No,13,3,4,80,2,7,4,3,7,2,4,4
36,No,Travel_Rarely,352,Research & Development,4,2,Medical,1,1408,3,Female,56,3,3,Manufacturing Director,3,Single,10318,22487,1,Y,No,25,4,3,80,0,17,0,4,2,1,1,2
28,No,Travel_Rarely,399,Research & Development,29,4,Life Sciences,1,1409,3,Male,78,3,1,Manufacturing Director,4,Married,4356,20501,9,Y,No,25,4,2,80,3,3,3,3,2,1,2,2
38,Yes,Non-Travel,1423,Research & Development,10,2,Human Resources,1,1410,4,Male,70,2,3,Research Scientist,1,Single,10689,19631,1,Y,Yes,20,3,3,80,0,20,3,3,3,3,0,0
31,No,Non-Travel,578,Research & Development,3,4,Medical,1,1411,2,Male,43,4,3,Manufacturing Director,4,Married,9971,19595,7,Y,No,20,4,3,80,1,9,3,4,9,6,9,4
38,Yes,Travel_Rarely,151,Sales,2,4,Medical,1,1412,1,Male,69,3,3,Sales Executive,1,Single,11007,10127,8,Y,No,25,4,4,80,0,17,3,3,11,5,3,2
29,Yes,Travel_Rarely,190,Research & Development,1,2,Other,1,1413,2,Female,88,4,2,Healthcare Representative,1,Divorced,7421,3062,1,Y,No,20,3,3,80,2,4,2,3,4,3,2,3
34,No,Travel_Rarely,1134,Sales,22,2,Life Sciences,1,1414,3,Male,97,3,2,Sales Representative,4,Single,7902,4168,2,Y,No,18,3,2,80,0,10,2,1,10,6,1,0
36,Yes,Travel_Rarely,1220,Research & Development,6,1,Marketing,1,1415,2,Male,74,3,3,Manager,1,Married,11775,25864,4,Y,No,15,4,1,80,1,11,4,2,6,2,0,2
18,Yes,Travel_Rarely,711,Sales,2,4,Human Resources,1,1416,1,Female,37,3,1,Sales Representative,4,Single,3869,12585,9,Y,Yes,25,4,3,80,0,0,5,3,0,0,0,0
34,No,Travel_Rarely,303,Research & Development,16,2,Other,1,1417,2,Male,60,3,3,Healthcare Representative,4,Married,11016,22794,7,Y,No,14,3,2,80,1,11,2,4,8,3,5,3
47,No,Travel_Rarely,1004,Research & Development,29,2,Other,1,1418,3,Female,96,3,4,Healthcare Representative,3,Single,12840,11080,6,Y,No,15,3,3,80,0,25,6,2,1,0,1,0
44,Yes,Travel_Rarely,962,Research & Development,8,3,Medical,1,1419,3,Female,90,4,3,Healthcare Representative,1,Married,9463,22275,4,Y,Yes,11,4,1,80,2,20,5,3,2,2,0,2
44,No,Travel_Rarely,964,Sales,5,4,Medical,1,1420,3,Male,53,3,5,Sales Executive,1,Married,16263,20542,6,Y,No,25,4,2,80,3,20,0,3,7,4,2,6
44,No,Travel_Rarely,901,Research & Development,7,3,Other,1,1421,3,Female,34,3,4,Manufacturing Director,1,Single,13265,21278,6,Y,No,12,4,1,80,0,25,4,3,8,5,5,2
39,No,Travel_Rarely,110,Sales,5,3,Life Sciences,1,1422,1,Female,70,3,3,Sales Executive,4,Divorced,9919,8021,2,Y,No,16,4,3,80,2,17,5,3,2,0,1,0
42,No,Travel_Rarely,935,Research & Development,29,3,Medical,1,1423,1,Female,64,3,4,Laboratory Technician,3,Divorced,11835,7865,2,Y,No,18,4,2,80,2,23,6,3,0,0,0,0
36,No,Travel_Rarely,1227,Research & Development,1,3,Other,1,1424,3,Female,98,3,4,Manufacturing Director,1,Single,15897,25725,7,Y,Yes,16,4,2,80,0,18,4,3,13,9,10,6
29,No,Travel_Rarely,1386,Sales,2,1,Other,1,1425,4,Female,47,1,2,Manager,3,Single,6962,21856,7,Y,No,18,4,4,80,0,6,2,3,1,0,1,0
32,Yes,Travel_Rarely,1146,Research & Development,3,3,Medical,1,1426,2,Female,57,3,2,Manager,3,Divorced,7755,23769,4,Y,No,12,3,2,80,1,7,3,2,7,2,3,4
18,No,Travel_Rarely,205,Sales,7,3,Life Sciences,1,1427,1,Female,53,3,1,Sales Executive,1,Single,4174,11406,8,Y,No,20,3,2,80,0,0,0,3,0,0,0,0
32,Yes,Travel_Rarely,143,Research & Development,16,3,Life Sciences,1,1428,2,Female,83,3,2,Research Director,2,Married,6874,23468,3,Y,Yes,12,3,1,80,2,11,4,3,2,2,2,2
30,Yes,Travel_Frequently,639,Research & Development,9,2,Human Resources,1,1429,1,Female,93,3,2,Healthcare Representative,2,Married,6769,20235,8,Y,Yes,20,3,1,80,1,12,6,4,9,7,0,3
18,Yes,Travel_Frequently,1117,Research & Development,5,3,Marketing,1,1430,3,Male,97,3,1,Research Scientist,4,Single,5148,3816,4,Y,Yes,22,4,4,80,0,0,0,2,0,0,0,0
24,Yes,Travel_Rarely,1481,Sales,23,3,Medical,1,1431,4,Female,58,3,2,Manager,2,Married,6814,18705,5,Y,Yes,18,3,2,80,1,4,4,2,4,2,3,0
45,No,Travel_Rarely,568,Sales,22,1,Life Sciences,1,1432,3,Female,39,4,4,Sales Executive,4,Single,12378,23889,3,Y,No,21,4,2,80,0,25,6,2,4,4,1,3
18,No,Travel_Frequently,1052,Sales,17,3,Technical Degree,1,1433,3,Male,37,3,1,Manager,3,Married,4330,2257,5,Y,No,12,3,4,80,3,0,2,3,0,0,0,0
39,No,Travel_Rarely,485,Research & Development,8,1,Technical Degree,1,1434,1,Male,52,3,2,Manager,4,Divorced,8257,15044,8,Y,No,21,4,4,80,3,14,2,2,12,11,1,5
38,No,Travel_Rarely,1491,Sales,14,3,Other,1,1435,4,Male,79,3,5,Sales Executive,4,Married,16318,7854,4,Y,No,21,3,3,80,2,20,4,3,4,3,1,2
32,No,Travel_Frequently,285,Sales,5,3,Medical,1,1436,4,Female,98,3,1,Manager,1,Married,4399,16333,7,Y,No,13,3,1,80,1,7,3,4,7,7,0,2
34,Yes,Travel_Rarely,1030,Research & Development,27,1,Marketing,1,1437,2,Female,78,3,3,Manager,1,Single,8963,24847,4,Y,Yes,18,4,1,80,0,10,3,4,9,6,3,6
46,No,Travel_Frequently,482,Sales,19,4,Marketing,1,1438,1,Female,45,3,4,Sales Representative,2,Divorced,15241,12272,7,Y,No,21,3,3,80,3,21,6,3,21,9,0,11
33,No,Travel_Frequently,330,Research & Development,20,2,Medical,1,1439,4,Male,75,3,2,Manufacturing Director,3,Married,8179,3934,7,Y,No,12,3,3,80,3,10,3,2,1,1,1,0
29,No,Travel_Rarely,1227,Research & Development,7,2,Technical Degree,1,1440,3,Male,89,3,2,Healthcare Representative,2,Single,6867,10978,9,Y,No,17,3,3,80,0,4,6,3,4,3,2,3
44,No,Travel_Rarely,1130,Sales,12,3,Life Sciences,1,1441,4,Female,53,2,3,Sales Executive,4,Married,10329,24901,3,Y,Yes,11,3,3,80,2,19,4,3,4,4,2,0
36,No,Travel_Rarely,932,Research & Development,3,2,Marketing,1,1442,4,Male,69,2,3,Healthcare Representative,2,Married,9920,22053,1,Y,No,21,3,3,80,3,15,3,4,3,1,3,1
51,No,Travel_Rarely,149,Research & Development,9,4,Other,1,1443,1,Male,33,3,3,Manufacturing Director,1,Divorced,14101,11130,7,Y,Yes,20,3,4,80,3,28,2,3,16,11,1,9
29,No,Travel_Rarely,974,Research & Development,7,3,Marketing,1,1444,4,Male,36,1,2,Research Scientist,1,Single,7800,23081,6,Y,No,24,3,4,80,0,7,6,3,7,4,2,3
32,Yes,Travel_Frequently,1378,Research & Development,4,1,Technical Degree,1,1445,4,Female,91,4,3,Manager,4,Divorced,11187,17970,9,Y,Yes,22,4,2,80,2,12,5,2,12,11,0,8
29,No,Travel_Rarely,811,Research & Development,4,4,Life Sciences,1,1446,4,Female,94,2,2,Laboratory Technician,3,Single,7263,9036,2,Y,No,16,3,3,80,0,10,4,2,4,2,2,1
33,Yes,Travel_Rarely,671,Research & Development,24,4,Medical,1,1447,3,Male,62,3,2,Healthcare Representative,2,Married,7791,19730,2,Y,No,12,3,3,80,2,8,4,3,8,4,1,4
33,Yes,Travel_Rarely,443,Research & Development,2,1,Technical Degree,1,1448,3,Female,70,2,3,Manufacturing Director,1,Divorced,8600,6997,3,Y,Yes,13,4,4,80,1,14,1,3,1,0,1,1
36,Yes,Travel_Frequently,1163,Sales,5,3,Marketing,1,1449,4,Female,51,4,2,Manager,2,Married,8681,22184,4,Y,Yes,11,4,2,80,2,13,6,3,13,8,0,8
34,Yes,Travel_Rarely,396,Research & Development,5,2,Other,1,1450,3,Male,55,3,2,Manufacturing Director,3,Married,5971,25252,1,Y,No,17,4,2,80,1,9,2,3,0,0,0,0
38,No,Non-Travel,1310,Research & Development,12,5,Other,1,1451,3,Male,98,2,4,Laboratory Technician,4,Married,12564,17578,0,Y,No,19,3,3,80,3,16,6,3,10,5,5,8
45,No,Travel_Rarely,692,Research & Development,7,4,Medical,1,1452,3,Male,72,3,5,Research Director,2,Divorced,14183,5822,2,Y,No,21,4,2,80,2,25,3,3,8,0,3,5
40,No,Travel_Frequently,798,Research & Development,13,4,Medical,1,1453,1,Female,39,2,3,Manager,4,Married,10978,3304,6,Y,Yes,21,3,3,80,2,20,4,3,6,4,3,2
34,No,Travel_Rarely,749,Research & Development,11,1,Human Resources,1,1454,1,Male,34,3,2,Laboratory Technician,2,Single,7216,24591,9,Y,No,17,4,2,80,0,9,0,4,4,0,3,2
41,No,Travel_Rarely,1245,Research & Development,14,1,Human Resources,1,1455,4,Female,94,1,3,Research Director,1,Divorced,9959,11472,4,Y,No,23,4,4,80,1,23,1,3,5,4,0,4
40,No,Travel_Rarely,1062,Sales,14,4,Medical,1,1456,1,Female,92,2,3,Sales Executive,2,Married,9615,12889,6,Y,No,19,4,3,80,3,16,1,3,1,0,1,1
40,Yes,Travel_Frequently,1104,Sales,16,3,Life Sciences,1,1457,3,Female,97,2,3,Sales Executive,2,Married,10081,5807,7,Y,No,23,3,2,80,3,20,2,2,6,4,3,2
39,Yes,Travel_Rarely,189,Research & Development,1,1,Human Resources,1,1458,3,Female,32,3,3,Manufacturing Director,3,Single,9588,4369,7,Y,No,20,3,3,80,0,19,6,1,0,0,0,0
33,No,Travel_Rarely,927,Sales,9,1,Medical,1,1459,1,Female,34,2,3,Sales Executive,4,Single,9180,17345,7,Y,No,13,4,2,80,0,15,1,3,1,1,1,0
51,Yes,Travel_Rarely,602,Research & Development,7,3,Other,1,1460,4,Male,34,3,4,Manager,1,Single,13116,13994,1,Y,Yes,23,4,4,80,0,28,0,3,1,1,1,0
40,No,Travel_Rarely,843,Research & Development,18,4,Technical Degree,1,1461,2,Male,91,3,3,Healthcare Representative,3,Married,12911,11201,3,Y,No,14,3,2,80,2,18,4,3,18,13,1,13
32,Yes,Travel_Rarely,840,Sales,4,3,Human Resources,1,1462,4,Female,95,4,2,Sales Executive,1,Single,7351,25575,4,Y,No,17,4,3,80,0,9,5,3,0,0,0,0
39,No,Travel_Rarely,432,Research & Development,2,1,Human Resources,1,1463,3,Female,79,4,4,Manager,2,Single,12660,17215,7,Y,No,21,4,3,80,0,16,6,3,0,0,0,0
46,No,Travel_Rarely,1240,Sales,10,4,Medical,1,1464,3,Female,92,2,4,Manager,4,Divorced,14599,4726,0,Y,No,24,3,1,80,3,25,3,3,9,5,3,3
38,No,Travel_Rarely,975,Research & Development,3,2,Marketing,1,1465,2,Female,74,3,3,Healthcare Representative,4,Married,11114,12088,7,Y,No,14,4,4,80,2,19,3,1,8,3,2,2
42,Yes,Travel_Rarely,978,Sales,2,3,Medical,1,1466,3,Male,31,2,4,Manager,1,Married,13572,7579,2,Y,Yes,16,3,2,80,2,24,2,1,5,2,5,2
27,Yes,Travel_Rarely,1358,Sales,1,3,Medical,1,1467,3,Male,56,3,2,Sales Executive,2,Married,7763,9017,9,Y,Yes,22,4,3,80,2,9,4,3,9,9,1,7
34,Yes,Travel_Frequently,637,Sales,4,3,Medical,1,1468,2,Female,75,3,2,Manager,3,Married,8872,3993,1,Y,No,21,4,4,80,2,10,1,3,10,5,0,9
41,No,Travel_Rarely,1211,Research & Development,19,4,Medical,1,1469,2,Male,82,4,5,Research Director,2,Married,16099,13148,9,Y,Yes,12,3,1,80,1,17,6,2,0,0,0,0
45,No,Travel_Rarely,924,Research & Development,2,3,Medical,1,1470,3,Male,48,3,4,Manufacturing Director,3,Divorced,12936,24902,1,Y,No,20,3,1,80,1,22,5,3,1,0,1,0
